"Tabela 10372 - Média de horas habitualmente trabalhadas por semana e efetivamente trabalhadas na semana de referência, no trabalho principal e em todos os trabalhos, das pessoas de 14 anos ou mais de idade, por cor ou raça"
"Variável - Média de horas habitualmente trabalhadas por semana no trabalho principal das pessoas de 14 anos ou mais de idade (%)"
"Brasil, Região Integrada de Desenvolvimento até 2020, Grande Região, Unidade da Federação, Município e Região Metropolitana até 2020";"Ano x Cor ou raça"
"Brasil, Região Integrada de Desenvolvimento até 2020, Grande Região, Unidade da Federação, Município e Região Metropolitana até 2020";"2012";;;"2013";;;"2014";;;"2015";;;"2016";;;"2017";;;"2018";;;"2019";;;"2023";;;"2024";;;"2025"
"Brasil, Região Integrada de Desenvolvimento até 2020, Grande Região, Unidade da Federação, Município e Região Metropolitana até 2020";"Branca";"Preta";"Parda";"Branca";"Preta";"Parda";"Branca";"Preta";"Parda";"Branca";"Preta";"Parda";"Branca";"Preta";"Parda";"Branca";"Preta";"Parda";"Branca";"Preta";"Parda";"Branca";"Preta";"Parda";"Branca";"Preta";"Parda";"Branca";"Preta";"Parda";"Branca";"Preta";"Parda"
"Brasil";"40,9";"40,6";"39,9";"40,5";"40,1";"39,6";"40,4";"40,0";"39,2";"40,1";"39,3";"38,8";"40,0";"39,0";"38,6";"39,8";"38,7";"38,3";"39,8";"38,8";"38,4";"39,9";"39,0";"38,4";"39,8";"39,0";"38,8";"39,9";"39,2";"38,8";"39,9";"39,3";"38,7"
"Norte";"40,3";"40,9";"39,2";"39,3";"39,5";"38,6";"39,4";"38,4";"38,4";"39,0";"38,2";"37,6";"38,5";"38,3";"37,3";"38,1";"38,2";"37,2";"38,2";"36,5";"36,6";"37,9";"37,2";"36,9";"38,8";"38,2";"37,1";"38,2";"37,6";"37,2";"37,9";"38,4";"37,0"
"Nordeste";"38,5";"38,5";"37,9";"38,2";"37,8";"37,5";"38,0";"37,8";"37,2";"37,7";"37,3";"36,9";"37,7";"37,1";"36,9";"37,6";"36,3";"36,3";"37,3";"36,8";"36,5";"37,6";"37,1";"36,4";"37,4";"37,0";"36,8";"37,8";"37,6";"36,8";"37,8";"37,2";"36,8"
"Sudeste";"41,3";"41,5";"41,4";"40,9";"41,1";"41,2";"40,8";"41,2";"40,9";"40,5";"40,4";"40,4";"40,3";"40,2";"40,0";"40,2";"40,1";"39,8";"40,3";"39,9";"39,9";"40,3";"40,1";"39,9";"40,1";"40,0";"40,2";"40,2";"39,9";"40,3";"40,4";"40,5";"40,1"
"Sul";"41,2";"41,4";"40,9";"41,0";"41,2";"40,9";"40,8";"40,8";"40,5";"40,6";"40,0";"39,9";"40,4";"39,4";"40,4";"40,1";"39,1";"39,8";"40,2";"39,9";"39,6";"40,4";"39,5";"39,8";"40,5";"39,9";"40,1";"40,4";"41,1";"40,2";"40,3";"40,3";"40,5"
"Centro-Oeste";"41,1";"41,8";"41,3";"40,8";"41,1";"41,2";"40,6";"41,0";"40,8";"40,3";"40,8";"40,3";"40,0";"39,7";"39,6";"40,0";"39,9";"39,8";"40,0";"40,2";"39,8";"40,1";"40,2";"39,8";"40,1";"40,0";"40,0";"40,1";"39,8";"40,0";"40,2";"40,0";"40,0"
"Rondônia";"39,9";"41,5";"38,9";"40,1";"40,1";"39,1";"40,0";"38,3";"39,1";"40,2";"39,5";"39,2";"39,6";"39,1";"38,5";"39,1";"37,4";"38,3";"39,1";"38,8";"38,4";"37,9";"37,7";"37,4";"39,6";"40,0";"38,8";"39,2";"39,2";"38,2";"38,6";"38,8";"38,4"
"Acre";"39,4";"39,3";"39,6";"39,8";"41,9";"38,9";"38,1";"37,2";"37,2";"37,8";"38,4";"36,7";"38,7";"37,6";"37,6";"36,9";"36,1";"36,5";"37,8";"35,5";"36,2";"36,9";"38,9";"37,0";"37,3";"36,5";"37,1";"37,7";"37,4";"37,4";"38,1";"37,4";"36,8"
"Amazonas";"41,4";"42,3";"41,1";"40,0";"43,9";"39,7";"39,3";"40,4";"38,9";"40,1";"39,6";"38,5";"38,0";"36,8";"37,2";"36,9";"37,9";"36,3";"36,6";"34,3";"35,3";"38,4";"37,0";"36,6";"37,7";"38,5";"36,6";"37,8";"37,3";"36,4";"37,8";"37,6";"36,4"
"Roraima";"39,5";"41,6";"39,0";"39,1";"38,9";"38,2";"38,8";"37,2";"37,6";"39,0";"37,6";"37,7";"38,8";"40,3";"37,8";"40,0";"38,2";"38,1";"38,4";"38,4";"37,2";"37,5";"37,4";"37,2";"39,5";"40,3";"39,4";"38,9";"40,1";"39,0";"39,0";"40,3";"38,8"
"Pará";"39,8";"41,0";"38,2";"38,5";"38,9";"37,7";"39,0";"37,9";"38,0";"38,2";"37,6";"36,9";"38,4";"38,3";"37,1";"37,8";"38,9";"37,4";"38,5";"36,0";"36,5";"37,8";"37,2";"36,9";"39,1";"38,1";"36,5";"37,9";"37,3";"37,1";"37,3";"38,1";"36,7"
"Amapá";"41,3";"40,1";"40,7";"41,3";"38,2";"41,1";"41,6";"41,3";"41,6";"39,2";"39,4";"38,5";"39,3";"38,6";"37,7";"40,2";"38,0";"37,2";"38,3";"36,8";"37,4";"37,8";"31,4";"36,0";"38,7";"38,3";"38,3";"38,1";"37,5";"37,9";"37,6";"36,6";"35,9"
"Tocantins";"40,8";"39,4";"40,0";"39,6";"38,2";"38,7";"39,6";"38,3";"38,6";"38,9";"38,6";"38,1";"37,7";"38,3";"37,7";"38,8";"36,7";"37,8";"38,5";"38,3";"37,9";"38,2";"38,1";"37,8";"39,3";"36,8";"38,5";"39,0";"37,9";"38,1";"39,3";"40,2";"38,7"
"Maranhão";"38,2";"36,8";"36,7";"38,1";"37,7";"36,9";"37,6";"36,0";"35,8";"36,5";"36,1";"35,6";"37,3";"36,1";"35,8";"36,8";"35,5";"35,4";"36,6";"35,0";"35,5";"37,1";"35,5";"35,9";"36,9";"35,1";"35,8";"37,2";"36,7";"35,6";"36,2";"35,5";"35,4"
"Piauí";"36,2";"35,8";"35,4";"35,6";"35,7";"34,5";"34,3";"36,6";"34,1";"34,1";"34,4";"34,1";"35,3";"34,4";"33,9";"35,0";"33,3";"33,5";"35,4";"34,1";"33,8";"34,5";"34,2";"32,6";"34,7";"34,7";"34,8";"34,5";"36,6";"34,2";"35,6";"34,2";"34,8"
"Ceará";"39,8";"39,4";"39,2";"39,7";"40,2";"38,7";"39,7";"38,7";"38,2";"39,0";"38,3";"37,7";"38,0";"36,9";"37,4";"37,7";"36,6";"36,6";"37,7";"36,0";"36,8";"38,3";"37,9";"37,0";"37,2";"37,0";"36,8";"37,6";"37,4";"36,6";"38,0";"38,3";"37,3"
"Rio Grande do Norte";"37,7";"37,8";"38,1";"37,6";"39,1";"38,1";"37,3";"37,4";"38,0";"37,2";"38,8";"37,6";"38,1";"37,8";"37,3";"38,0";"36,8";"37,3";"36,2";"36,7";"37,3";"37,7";"36,7";"37,1";"37,6";"38,4";"37,5";"37,8";"37,9";"37,1";"38,4";"38,9";"37,5"
"Paraíba";"37,8";"41,3";"37,6";"36,7";"39,3";"36,6";"37,9";"38,6";"36,6";"37,3";"36,1";"36,7";"36,4";"36,3";"36,3";"36,5";"35,7";"36,2";"37,3";"36,6";"36,3";"37,4";"37,9";"36,0";"37,5";"35,6";"36,8";"37,8";"36,9";"37,0";"38,0";"36,5";"37,2"
"Pernambuco";"39,2";"40,3";"39,2";"39,2";"39,4";"39,1";"39,1";"38,6";"38,7";"38,5";"38,8";"38,3";"39,1";"38,4";"38,8";"38,9";"38,1";"37,6";"38,4";"37,8";"37,7";"38,0";"39,3";"37,8";"38,7";"38,8";"38,1";"38,7";"39,3";"38,3";"38,7";"39,4";"37,9"
"Alagoas";"39,3";"38,6";"39,2";"38,0";"38,5";"38,1";"37,6";"38,6";"38,1";"36,9";"38,0";"37,3";"37,1";"35,5";"36,9";"37,6";"35,0";"37,2";"38,6";"38,2";"37,8";"37,4";"37,9";"37,3";"37,1";"37,3";"37,5";"37,8";"37,5";"37,6";"37,4";"37,8";"36,9"
"Sergipe";"37,9";"39,1";"37,2";"37,8";"37,5";"37,4";"37,5";"35,2";"37,2";"37,5";"37,3";"36,7";"37,5";"38,3";"36,4";"36,9";"36,3";"36,5";"36,0";"37,9";"36,5";"37,8";"36,7";"35,3";"37,2";"36,7";"35,9";"37,8";"37,9";"37,6";"37,7";"38,2";"37,1"
"Bahia";"38,1";"38,4";"37,5";"37,9";"37,3";"36,8";"37,5";"38,1";"37,0";"38,0";"37,5";"36,7";"37,2";"37,5";"36,8";"37,6";"36,6";"35,8";"36,8";"37,3";"36,4";"37,8";"37,1";"36,1";"37,2";"37,2";"36,7";"37,8";"37,6";"36,8";"37,5";"36,9";"36,7"
"Minas Gerais";"40,6";"40,5";"40,1";"40,1";"40,2";"39,8";"39,8";"40,2";"39,5";"39,5";"39,4";"39,3";"40,0";"39,7";"39,3";"39,5";"39,7";"39,1";"39,7";"39,3";"38,6";"39,5";"39,1";"38,6";"40,2";"40,2";"40,3";"40,1";"39,7";"39,9";"40,0";"40,4";"39,1"
"Espírito Santo";"40,8";"41,2";"40,6";"40,3";"40,5";"40,6";"39,9";"39,7";"39,2";"39,5";"39,2";"38,9";"39,7";"40,1";"39,0";"39,3";"39,0";"38,9";"39,2";"39,5";"39,0";"39,6";"39,1";"38,9";"39,1";"39,0";"39,3";"39,1";"38,9";"39,1";"39,2";"39,8";"39,3"
"Rio de Janeiro";"41,0";"41,9";"41,9";"40,9";"41,5";"41,5";"40,9";"41,6";"41,4";"40,4";"40,1";"40,8";"40,1";"40,1";"40,3";"39,8";"40,1";"40,0";"40,1";"40,3";"40,4";"39,7";"40,0";"40,6";"39,6";"39,5";"39,8";"39,6";"39,7";"39,9";"39,7";"39,7";"39,8"
"São Paulo";"41,6";"41,9";"42,3";"41,2";"41,5";"42,2";"41,2";"41,9";"41,9";"40,8";"41,5";"41,3";"40,6";"40,5";"40,5";"40,6";"40,5";"40,3";"40,6";"40,2";"40,7";"40,8";"40,8";"40,7";"40,2";"40,4";"40,5";"40,5";"40,3";"40,9";"40,8";"41,1";"40,9"
"Paraná";"41,0";"42,4";"41,0";"40,8";"41,9";"40,8";"40,5";"42,0";"40,5";"40,1";"38,8";"39,8";"40,1";"39,3";"40,5";"39,7";"39,1";"39,7";"40,0";"39,4";"39,3";"40,0";"39,1";"39,7";"40,2";"39,9";"39,7";"40,1";"40,9";"40,1";"39,8";"40,5";"40,2"
"Santa Catarina";"41,5";"42,0";"41,9";"41,4";"41,4";"41,8";"41,1";"40,8";"40,9";"41,1";"40,5";"41,1";"40,8";"40,1";"40,4";"40,5";"39,0";"40,4";"40,4";"40,3";"40,0";"40,8";"41,0";"40,3";"40,9";"40,6";"41,2";"40,7";"41,5";"40,8";"41,0";"40,5";"41,0"
"Rio Grande do Sul";"41,3";"40,6";"40,1";"40,9";"40,7";"40,5";"40,8";"40,1";"40,4";"40,7";"40,8";"39,6";"40,4";"39,3";"40,3";"40,2";"39,2";"39,3";"40,2";"40,2";"39,8";"40,5";"39,2";"39,8";"40,3";"39,6";"39,8";"40,5";"41,1";"39,9";"40,2";"40,0";"40,7"
"Mato Grosso do Sul";"41,1";"41,9";"41,6";"40,0";"42,0";"40,5";"40,3";"40,1";"40,8";"39,7";"39,7";"39,5";"39,9";"40,1";"38,8";"40,0";"40,1";"40,0";"39,5";"40,5";"39,5";"39,7";"40,0";"39,1";"39,8";"40,3";"39,4";"39,9";"40,7";"40,1";"39,9";"39,3";"39,8"
"Mato Grosso";"42,1";"42,2";"41,5";"41,8";"41,2";"40,7";"41,5";"41,7";"40,4";"41,3";"40,0";"40,0";"40,0";"38,6";"39,4";"40,4";"38,8";"39,5";"41,0";"40,1";"39,8";"40,3";"39,4";"39,9";"41,0";"40,1";"40,6";"41,1";"40,6";"40,6";"40,9";"39,8";"40,5"
"Goiás";"41,3";"42,0";"41,5";"41,1";"41,0";"42,1";"41,0";"41,3";"41,1";"40,7";"41,8";"40,9";"40,4";"39,7";"39,9";"40,2";"40,7";"40,0";"40,2";"40,4";"40,1";"40,3";"41,2";"40,1";"40,0";"39,4";"39,9";"39,8";"39,3";"39,9";"40,3";"40,4";"40,2"
"Distrito Federal";"39,8";"40,9";"40,1";"40,1";"40,4";"40,1";"39,5";"39,9";"40,4";"39,2";"40,4";"40,2";"39,2";"40,7";"39,6";"38,9";"39,4";"39,1";"39,1";"39,5";"39,0";"39,6";"39,4";"39,4";"39,5";"41,0";"40,1";"39,8";"39,2";"39,3";"39,3";"39,9";"38,9"
"Porto Velho (RO)";"40,3";"43,3";"42,2";"40,3";"41,4";"41,2";"42,3";"36,5";"40,6";"39,5";"41,3";"40,7";"39,0";"38,2";"38,7";"40,0";"39,1";"38,1";"39,6";"37,3";"39,0";"38,0";"38,5";"38,7";"37,7";"39,7";"37,9";"39,1";"40,3";"39,6";"38,4";"39,0";"38,6"
"Rio Branco (AC)";"40,3";"40,9";"40,1";"40,9";"43,1";"39,6";"38,9";"38,5";"39,4";"38,4";"39,1";"38,7";"39,1";"37,7";"38,0";"38,1";"36,8";"38,1";"38,0";"36,6";"37,3";"37,9";"39,3";"37,4";"37,8";"38,3";"37,9";"38,9";"38,7";"38,6";"38,9";"38,7";"37,9"
"Manaus (AM)";"43,0";"44,1";"42,6";"40,4";"43,6";"41,3";"39,8";"42,3";"40,9";"40,7";"40,9";"39,7";"38,0";"38,2";"37,8";"37,9";"39,2";"37,9";"38,0";"36,9";"36,8";"40,0";"38,9";"38,8";"39,1";"39,6";"39,0";"39,0";"38,6";"38,8";"39,0";"40,4";"38,6"
"Boa Vista (RR)";"39,9";"41,0";"39,2";"39,4";"38,8";"38,2";"39,0";"36,7";"38,1";"38,8";"38,4";"38,0";"39,0";"41,0";"37,9";"40,1";"37,5";"38,2";"38,3";"38,2";"37,0";"38,0";"36,7";"37,6";"39,4";"40,5";"39,1";"38,8";"40,1";"39,0";"39,2";"40,5";"39,5"
"Belém (PA)";"39,3";"41,1";"39,7";"38,0";"39,5";"38,9";"39,9";"41,7";"38,7";"37,8";"38,4";"37,3";"37,6";"38,1";"38,0";"38,3";"39,2";"38,8";"37,9";"36,0";"38,1";"38,1";"37,8";"39,1";"39,0";"39,0";"37,0";"38,7";"39,2";"38,5";"39,0";"39,7";"39,3"
"Macapá (AP)";"41,7";"41,4";"40,5";"41,4";"39,0";"41,0";"41,4";"41,8";"41,1";"39,0";"39,7";"38,0";"39,4";"38,3";"37,9";"40,6";"37,9";"35,5";"37,5";"36,1";"36,2";"38,0";"29,1";"36,4";"38,8";"39,0";"38,9";"37,1";"38,6";"37,5";"37,2";"36,4";"36,0"
"Palmas (TO)";"39,1";"39,2";"40,4";"39,2";"40,1";"39,7";"40,2";"40,8";"40,1";"38,9";"38,5";"41,2";"38,6";"39,5";"38,5";"39,8";"39,3";"39,0";"37,7";"39,3";"38,2";"39,4";"36,9";"37,7";"40,9";"40,4";"40,3";"39,2";"38,9";"39,3";"39,2";"40,9";"38,9"
"São Luís (MA)";"39,7";"41,7";"41,6";"40,2";"39,6";"40,4";"38,1";"39,2";"39,0";"38,3";"38,2";"37,8";"38,1";"40,2";"39,1";"37,3";"36,5";"37,4";"38,4";"37,7";"37,7";"36,6";"37,3";"38,4";"38,2";"38,3";"38,1";"37,6";"37,5";"38,0";"37,1";"37,4";"36,2"
"Teresina (PI)";"39,4";"38,9";"38,4";"37,7";"38,4";"38,0";"36,5";"40,1";"38,1";"38,2";"36,9";"38,2";"37,0";"36,6";"37,7";"38,1";"36,9";"37,8";"38,7";"37,1";"37,9";"36,8";"37,4";"36,3";"37,2";"38,5";"38,0";"37,4";"40,0";"37,6";"37,5";"38,2";"36,7"
"Fortaleza (CE)";"41,3";"42,5";"42,2";"41,6";"41,7";"41,7";"42,1";"39,4";"42,0";"40,1";"40,6";"40,1";"38,9";"38,6";"40,3";"38,7";"38,0";"39,1";"38,9";"37,3";"39,4";"39,5";"40,3";"39,4";"37,6";"40,1";"38,5";"38,8";"39,2";"37,2";"39,4";"42,3";"39,9"
"Natal (RN)";"39,0";"39,6";"39,8";"39,5";"40,1";"40,4";"38,2";"39,1";"39,6";"38,1";"41,1";"39,3";"39,3";"38,4";"38,8";"39,2";"36,4";"38,4";"37,2";"36,5";"38,0";"39,3";"38,4";"37,8";"36,9";"38,2";"38,2";"38,4";"38,5";"38,5";"38,6";"39,3";"38,6"
"João Pessoa (PB)";"38,6";"39,3";"39,5";"37,9";"41,3";"38,8";"38,9";"40,9";"38,7";"38,6";"38,6";"39,1";"38,2";"36,8";"37,5";"36,3";"38,2";"37,3";"38,4";"39,8";"38,1";"38,0";"41,6";"38,3";"38,0";"36,7";"38,2";"38,8";"39,0";"39,1";"38,8";"38,6";"39,5"
"Recife (PE)";"40,3";"39,8";"41,0";"39,7";"41,8";"41,5";"40,1";"39,8";"40,4";"39,3";"40,3";"40,0";"39,6";"39,8";"40,3";"39,0";"40,2";"39,3";"38,1";"40,6";"39,6";"39,0";"39,3";"39,9";"38,4";"40,6";"40,3";"38,3";"38,8";"38,4";"40,2";"40,7";"39,2"
"Maceió (AL)";"39,7";"40,4";"40,1";"39,6";"39,3";"40,4";"38,5";"39,5";"40,0";"38,9";"38,4";"39,6";"38,6";"37,4";"38,1";"38,8";"36,5";"38,7";"39,2";"38,4";"38,9";"38,8";"39,1";"39,0";"38,5";"39,7";"39,3";"39,2";"37,5";"39,4";"38,4";"40,0";"38,5"
"Aracaju (SE)";"39,0";"40,4";"39,7";"39,5";"37,8";"39,3";"39,2";"40,1";"40,1";"40,5";"39,9";"40,3";"39,5";"41,2";"40,1";"38,9";"39,0";"39,9";"37,6";"39,9";"39,1";"39,9";"39,2";"37,1";"39,0";"38,4";"37,7";"39,4";"39,8";"39,8";"38,7";"38,1";"38,3"
"Salvador (BA)";"37,5";"38,5";"38,1";"37,4";"39,1";"39,3";"39,4";"40,9";"39,4";"39,5";"38,9";"38,6";"39,6";"39,1";"39,5";"38,5";"37,5";"37,0";"37,4";"38,5";"39,3";"37,4";"39,1";"37,5";"37,4";"39,8";"38,1";"39,3";"38,6";"37,9";"40,1";"38,1";"38,8"
"Belo Horizonte (MG)";"39,2";"39,7";"39,3";"38,7";"41,4";"39,7";"38,9";"40,3";"40,4";"38,1";"39,5";"39,6";"39,8";"39,4";"39,9";"38,6";"39,9";"39,5";"38,3";"39,6";"38,8";"38,7";"38,6";"38,7";"40,3";"40,7";"40,9";"39,1";"39,1";"39,6";"39,1";"40,9";"39,3"
"Vitória (ES)";"40,0";"43,1";"39,0";"38,4";"39,0";"39,3";"39,3";"41,5";"38,6";"39,0";"39,4";"38,6";"38,9";"38,5";"39,5";"38,4";"38,1";"39,7";"37,3";"40,4";"38,8";"38,6";"38,2";"38,8";"38,8";"38,7";"38,2";"38,3";"39,1";"40,1";"39,4";"39,6";"38,8"
"Rio de Janeiro (RJ)";"40,4";"41,7";"41,7";"40,6";"42,3";"41,7";"40,7";"41,5";"41,1";"40,6";"40,6";"41,6";"40,3";"40,3";"40,9";"40,0";"40,3";"40,4";"40,4";"40,4";"40,7";"39,9";"40,8";"41,2";"40,2";"39,9";"40,3";"39,5";"39,7";"40,2";"39,4";"40,1";"39,5"
"São Paulo (SP)";"41,7";"43,3";"42,9";"41,3";"41,9";"42,7";"41,3";"42,1";"42,2";"40,8";"42,4";"41,3";"40,7";"40,8";"41,5";"41,0";"41,1";"39,9";"41,3";"41,8";"41,2";"41,0";"42,1";"41,6";"40,0";"40,5";"40,2";"40,7";"40,4";"40,9";"40,8";"41,7";"41,2"
"Curitiba (PR)";"40,6";"41,2";"40,9";"40,4";"39,9";"41,2";"39,2";"44,6";"41,0";"39,5";"39,1";"41,0";"39,3";"40,8";"38,9";"39,4";"38,4";"39,2";"39,3";"42,0";"39,6";"39,8";"39,7";"40,1";"40,2";"40,6";"39,0";"39,6";"42,0";"40,0";"39,4";"40,1";"40,6"
"Florianópolis (SC)";"38,8";"37,7";"42,1";"39,3";"41,8";"39,5";"38,6";"38,1";"35,9";"38,7";"39,5";"39,9";"38,1";"39,1";"38,1";"36,3";"37,3";"40,1";"32,0";"38,3";"38,2";"38,2";"37,1";"40,2";"38,9";"39,5";"41,1";"39,0";"41,7";"40,7";"39,3";"37,8";"38,9"
"Porto Alegre (RS)";"40,1";"39,9";"41,0";"40,4";"41,6";"41,9";"40,6";"40,7";"42,4";"39,9";"39,2";"40,1";"39,1";"38,5";"41,4";"39,6";"40,3";"40,6";"39,0";"39,4";"40,8";"40,3";"38,0";"40,2";"39,2";"39,4";"39,3";"39,7";"40,4";"39,6";"38,9";"38,6";"38,4"
"Campo Grande (MS)";"40,8";"40,1";"41,2";"38,4";"41,2";"39,7";"39,5";"40,2";"40,5";"38,9";"37,5";"39,2";"40,0";"40,6";"38,8";"39,5";"39,7";"40,0";"38,9";"38,1";"39,0";"38,9";"39,0";"38,3";"40,0";"40,3";"39,5";"39,5";"38,9";"39,7";"39,6";"39,3";"39,4"
"Cuiabá (MT)";"41,1";"39,9";"40,3";"40,5";"41,5";"39,5";"41,6";"41,1";"40,0";"39,4";"38,2";"38,6";"39,7";"37,5";"38,7";"38,8";"38,7";"38,8";"40,9";"40,9";"38,5";"39,1";"38,4";"38,9";"39,8";"40,5";"40,1";"39,5";"40,4";"40,1";"39,1";"38,5";"38,5"
"Goiânia (GO)";"40,8";"41,5";"40,6";"40,1";"41,4";"41,0";"40,6";"40,9";"40,8";"40,6";"41,4";"41,0";"40,2";"39,7";"39,5";"40,3";"41,5";"39,3";"40,1";"40,7";"39,2";"39,9";"41,5";"40,5";"38,6";"39,3";"39,4";"39,6";"39,9";"39,8";"39,6";"39,1";"39,8"
"Brasília (DF)";"39,8";"40,9";"40,1";"40,1";"40,4";"40,1";"39,5";"39,9";"40,4";"39,2";"40,4";"40,2";"39,2";"40,7";"39,6";"38,9";"39,4";"39,1";"39,1";"39,5";"39,0";"39,6";"39,4";"39,4";"39,5";"41,0";"40,1";"39,8";"39,2";"39,3";"39,3";"39,9";"38,9"
"Manaus (AM)";"42,6";"43,8";"42,0";"40,4";"44,2";"40,9";"39,6";"41,8";"40,6";"40,6";"40,2";"39,3";"38,0";"37,9";"37,8";"37,9";"38,2";"37,4";"37,7";"36,3";"36,7";"39,7";"38,6";"38,4";"38,5";"39,3";"38,4";"38,9";"38,5";"38,4";"38,9";"40,4";"38,2"
"Belém (PA)";"39,9";"41,3";"39,3";"38,1";"38,9";"38,5";"39,4";"40,6";"38,5";"37,9";"38,5";"37,9";"37,8";"38,8";"38,0";"38,2";"39,4";"38,4";"38,3";"37,4";"37,9";"38,2";"38,5";"37,9";"39,1";"38,9";"37,4";"38,1";"38,0";"38,3";"38,2";"39,0";"38,7"
"Macapá (AP)";"41,4";"41,3";"40,8";"41,6";"38,3";"41,2";"41,4";"41,1";"41,0";"39,3";"39,7";"37,9";"39,4";"38,0";"38,1";"40,6";"38,1";"36,3";"38,0";"36,6";"37,1";"38,1";"29,8";"36,6";"38,9";"38,4";"38,7";"37,7";"38,2";"38,1";"37,1";"37,2";"36,3"
"Grande São Luís (MA)";"40,5";"41,7";"40,9";"40,5";"39,3";"40,3";"38,8";"39,5";"39,5";"38,6";"38,3";"38,2";"38,9";"39,7";"39,1";"37,5";"37,3";"38,2";"37,7";"34,8";"37,6";"37,6";"37,6";"38,8";"38,2";"38,4";"38,2";"37,7";"37,3";"38,3";"37,2";"37,4";"37,0"
"Fortaleza (CE)";"41,5";"42,6";"41,8";"41,5";"42,0";"41,4";"41,6";"39,9";"41,1";"40,4";"40,5";"39,9";"39,1";"38,9";"40,0";"39,0";"37,9";"38,9";"39,5";"37,9";"39,6";"39,9";"40,4";"39,4";"37,4";"39,4";"38,5";"38,7";"39,6";"38,1";"39,5";"40,5";"39,8"
"Natal (RN)";"38,4";"39,4";"38,9";"38,7";"40,8";"39,0";"38,5";"37,9";"39,2";"38,1";"39,8";"38,8";"38,5";"38,2";"38,0";"38,9";"36,7";"38,1";"36,2";"36,5";"37,8";"38,6";"37,5";"38,1";"37,3";"38,3";"38,1";"38,3";"38,9";"38,1";"38,7";"39,4";"38,4"
"João Pessoa (PB)";"39,5";"41,9";"39,7";"38,0";"41,0";"39,0";"39,1";"41,0";"38,4";"39,5";"38,8";"38,8";"37,5";"38,4";"37,2";"37,1";"37,0";"37,8";"38,6";"38,4";"38,5";"38,8";"41,0";"37,5";"38,1";"36,8";"38,7";"38,7";"37,6";"39,5";"38,2";"38,3";"38,2"
"Recife (PE)";"40,7";"41,2";"42,0";"40,3";"41,0";"41,1";"40,0";"39,4";"39,9";"39,6";"40,5";"39,9";"39,8";"39,3";"40,0";"38,6";"39,7";"38,8";"38,5";"38,5";"38,8";"38,7";"39,7";"38,9";"39,3";"39,4";"40,1";"40,0";"39,7";"39,1";"39,7";"40,6";"39,2"
"Maceió (AL)";"39,7";"40,3";"40,0";"39,6";"39,0";"40,3";"38,5";"39,2";"40,0";"39,1";"38,9";"39,6";"38,6";"37,3";"38,3";"39,0";"35,5";"38,8";"39,5";"38,3";"39,0";"38,6";"38,7";"38,6";"38,6";"37,9";"39,3";"39,5";"39,0";"39,5";"38,4";"39,1";"38,7"
"Aracaju (SE)";"39,5";"39,9";"39,4";"39,6";"38,9";"39,3";"39,6";"38,2";"40,3";"41,4";"40,1";"40,2";"39,7";"40,3";"40,0";"39,3";"38,1";"39,6";"37,9";"40,5";"39,4";"39,6";"38,1";"37,2";"39,3";"38,2";"38,7";"40,0";"40,6";"39,8";"39,1";"38,8";"38,7"
"Salvador (BA)";"38,5";"39,3";"38,8";"37,8";"38,9";"39,1";"40,1";"41,1";"39,5";"40,2";"38,9";"39,1";"39,1";"38,6";"39,2";"38,7";"37,5";"37,2";"37,2";"38,3";"39,4";"38,3";"38,4";"37,2";"37,8";"39,1";"38,2";"38,8";"38,8";"38,1";"40,1";"38,4";"39,3"
"Belo Horizonte (MG)";"40,0";"40,5";"39,8";"39,7";"40,7";"40,2";"39,6";"40,5";"40,5";"39,0";"40,2";"40,0";"40,4";"39,4";"40,0";"39,2";"39,8";"39,7";"39,4";"39,3";"39,1";"39,5";"38,4";"39,1";"40,0";"40,5";"40,3";"39,3";"40,0";"39,8";"39,7";"41,1";"39,5"
"Grande Vitória (ES)";"40,8";"41,5";"40,7";"40,1";"40,5";"40,9";"40,1";"40,1";"39,4";"39,7";"39,3";"38,9";"39,4";"40,2";"39,1";"39,3";"38,5";"39,4";"39,1";"39,9";"38,7";"39,7";"39,3";"38,9";"39,0";"38,7";"39,2";"39,3";"39,0";"39,7";"39,3";"40,2";"39,8"
"Rio de Janeiro (RJ)";"40,9";"42,0";"41,9";"40,7";"41,6";"41,3";"40,7";"41,6";"41,2";"40,4";"39,7";"40,9";"40,0";"39,8";"40,4";"39,5";"39,9";"40,3";"40,0";"40,4";"40,6";"39,8";"40,4";"40,6";"39,6";"39,2";"39,7";"39,5";"39,7";"39,8";"39,4";"39,9";"39,8"
"São Paulo (SP)";"42,0";"42,7";"42,9";"41,4";"41,8";"42,6";"41,4";"42,2";"42,5";"41,0";"41,9";"41,5";"40,7";"40,9";"40,9";"40,8";"40,7";"40,1";"41,0";"41,1";"41,1";"41,3";"41,8";"40,9";"40,2";"40,4";"40,3";"40,5";"40,5";"41,1";"41,2";"41,3";"41,1"
"Curitiba (PR)";"40,6";"41,3";"41,3";"40,8";"40,6";"41,4";"40,0";"42,9";"40,7";"40,0";"38,2";"40,0";"39,6";"40,3";"39,9";"39,9";"38,3";"39,7";"39,6";"40,8";"39,4";"39,8";"39,0";"39,5";"39,9";"40,8";"38,8";"40,2";"41,6";"40,1";"39,7";"40,9";"40,6"
"Florianópolis (SC)";"39,5";"40,3";"40,6";"40,1";"40,8";"39,7";"39,7";"40,3";"38,2";"39,6";"39,7";"39,5";"39,1";"41,1";"39,4";"37,8";"37,2";"40,5";"35,8";"37,6";"37,9";"38,7";"38,4";"40,7";"39,7";"39,9";"41,0";"39,4";"40,2";"40,0";"39,8";"39,5";"40,3"
"Porto Alegre (RS)";"41,0";"40,7";"40,5";"41,3";"40,7";"41,6";"40,8";"39,9";"41,7";"40,7";"39,3";"40,1";"39,8";"39,8";"41,2";"40,4";"39,6";"38,8";"40,4";"40,2";"40,9";"40,4";"39,0";"40,3";"40,0";"39,9";"40,5";"40,8";"41,3";"40,1";"40,0";"40,3";"40,7"
"Vale do Rio Cuiabá (MT)";"41,9";"40,6";"41,2";"40,5";"41,2";"40,0";"41,5";"41,0";"40,4";"39,7";"38,3";"39,0";"40,0";"37,2";"38,9";"39,3";"38,9";"38,8";"40,7";"40,6";"38,6";"39,0";"38,8";"39,4";"40,2";"39,9";"40,0";"39,9";"39,8";"39,7";"39,4";"38,7";"38,9"
"Goiânia (GO)";"40,8";"42,5";"40,6";"41,0";"40,9";"42,0";"40,5";"40,6";"41,7";"40,7";"42,5";"40,7";"40,3";"40,0";"39,5";"40,5";"41,4";"39,7";"40,4";"40,5";"39,9";"39,5";"41,1";"40,1";"39,3";"38,8";"39,5";"39,5";"39,2";"39,7";"39,7";"39,2";"40,2"
"Grande Teresina";"39,7";"37,5";"37,9";"37,9";"38,2";"37,2";"36,5";"38,5";"37,1";"37,9";"37,6";"37,8";"37,0";"35,7";"37,1";"37,6";"37,0";"36,8";"38,3";"36,6";"36,9";"36,5";"36,9";"36,0";"37,5";"37,8";"37,5";"37,7";"39,6";"37,5";"37,6";"37,7";"37,2"
"Fonte: IBGE - Pesquisa Nacional por Amostra de Domicílios Contínua anual"

"Tabela 10372 - Média de horas habitualmente trabalhadas por semana e efetivamente trabalhadas na semana de referência, no trabalho principal e em todos os trabalhos, das pessoas de 14 anos ou mais de idade, por cor ou raça"
"Variável - Média de horas efetivamente trabalhadas na semana de referência no trabalho principal das pessoas de 14 anos ou mais de idade (%)"
"Brasil, Região Integrada de Desenvolvimento até 2020, Grande Região, Unidade da Federação, Município e Região Metropolitana até 2020";"Ano x Cor ou raça"
"Brasil, Região Integrada de Desenvolvimento até 2020, Grande Região, Unidade da Federação, Município e Região Metropolitana até 2020";"2012";;;"2013";;;"2014";;;"2015";;;"2016";;;"2017";;;"2018";;;"2019";;;"2023";;;"2024";;;"2025"
"Brasil, Região Integrada de Desenvolvimento até 2020, Grande Região, Unidade da Federação, Município e Região Metropolitana até 2020";"Branca";"Preta";"Parda";"Branca";"Preta";"Parda";"Branca";"Preta";"Parda";"Branca";"Preta";"Parda";"Branca";"Preta";"Parda";"Branca";"Preta";"Parda";"Branca";"Preta";"Parda";"Branca";"Preta";"Parda";"Branca";"Preta";"Parda";"Branca";"Preta";"Parda";"Branca";"Preta";"Parda"
"Brasil";"39,1";"38,8";"38,1";"39,2";"38,6";"38,1";"39,1";"38,6";"37,9";"38,7";"37,6";"37,4";"38,7";"37,5";"37,3";"38,1";"37,1";"36,7";"37,9";"37,1";"36,8";"38,3";"37,2";"36,9";"38,4";"37,5";"37,5";"38,5";"37,8";"37,5";"38,5";"37,9";"37,4"
"Norte";"38,5";"39,3";"37,5";"38,1";"38,1";"37,2";"38,2";"36,3";"37,3";"37,6";"36,8";"36,2";"37,7";"37,4";"36,3";"36,7";"36,9";"36,1";"37,1";"35,3";"35,3";"37,0";"36,3";"35,9";"37,4";"36,5";"35,9";"37,2";"36,3";"36,2";"36,9";"37,1";"35,9"
"Nordeste";"36,8";"36,3";"35,9";"36,8";"36,3";"36,1";"36,7";"36,5";"35,8";"36,4";"35,5";"35,5";"36,7";"35,5";"35,8";"36,4";"34,7";"34,9";"36,2";"35,6";"35,3";"36,4";"35,6";"35,1";"36,5";"35,5";"35,7";"36,5";"36,3";"35,6";"36,3";"35,4";"35,4"
"Sudeste";"39,5";"39,9";"39,7";"39,7";"39,8";"39,5";"39,6";"40,0";"39,4";"39,1";"38,8";"39,1";"39,0";"38,6";"38,6";"38,4";"38,4";"37,9";"37,9";"37,8";"37,9";"38,4";"37,9";"38,0";"38,6";"38,4";"38,7";"38,9";"38,5";"38,8";"39,0";"39,3";"38,6"
"Sul";"39,4";"39,9";"38,9";"39,4";"39,6";"39,2";"39,3";"39,5";"39,0";"39,0";"38,0";"38,1";"39,0";"38,0";"38,8";"38,4";"37,1";"37,8";"38,5";"38,5";"37,7";"39,1";"37,9";"38,3";"39,1";"38,3";"38,7";"38,9";"39,8";"38,8";"38,8";"38,9";"39,1"
"Centro-Oeste";"39,6";"40,1";"39,8";"39,7";"39,5";"40,0";"39,5";"40,0";"39,6";"38,9";"39,7";"39,1";"38,9";"38,6";"38,3";"38,1";"38,1";"38,3";"38,2";"38,6";"38,1";"38,5";"38,6";"38,2";"38,7";"38,8";"38,7";"38,8";"38,7";"38,6";"38,7";"38,4";"38,6"
"Rondônia";"37,8";"40,6";"37,6";"39,0";"38,0";"37,9";"39,5";"37,5";"38,5";"39,0";"38,0";"38,1";"38,4";"37,7";"37,9";"38,2";"36,9";"37,4";"38,3";"37,4";"37,5";"36,9";"37,3";"36,2";"38,4";"38,9";"38,1";"38,2";"38,5";"37,5";"37,8";"38,3";"37,6"
"Acre";"37,0";"35,9";"37,0";"38,8";"40,7";"37,3";"36,9";"35,5";"36,1";"36,9";"36,3";"35,3";"37,8";"37,3";"37,0";"35,6";"35,4";"35,7";"37,2";"34,4";"35,9";"36,1";"37,0";"36,2";"36,8";"36,1";"36,8";"36,3";"36,8";"36,8";"37,2";"37,1";"36,3"
"Amazonas";"40,5";"40,8";"39,9";"39,1";"42,9";"38,5";"39,0";"39,4";"38,2";"39,7";"39,6";"37,6";"37,6";"36,5";"36,4";"36,6";"37,5";"35,6";"35,8";"33,3";"34,5";"38,0";"36,1";"36,0";"37,2";"36,9";"35,8";"37,4";"36,8";"35,9";"37,4";"37,1";"35,8"
"Roraima";"38,4";"40,0";"37,0";"38,0";"37,7";"36,7";"37,8";"35,8";"36,8";"37,6";"36,1";"36,1";"38,3";"38,9";"37,2";"39,2";"37,8";"37,2";"37,4";"37,2";"36,3";"36,0";"36,8";"35,9";"38,4";"39,2";"38,8";"38,2";"39,5";"38,2";"38,0";"39,2";"37,8"
"Pará";"37,8";"39,3";"36,3";"36,9";"37,3";"36,3";"37,2";"35,0";"36,5";"36,3";"35,9";"35,0";"37,4";"37,2";"35,6";"35,6";"37,0";"35,9";"37,1";"34,8";"34,8";"36,7";"36,1";"35,7";"37,2";"35,9";"34,9";"36,7";"35,6";"35,7";"35,9";"36,4";"35,1"
"Amapá";"40,3";"38,6";"39,8";"40,1";"37,7";"40,2";"40,8";"39,0";"40,7";"38,0";"37,5";"37,5";"39,0";"37,7";"37,5";"40,0";"37,7";"36,4";"38,1";"36,5";"36,8";"36,9";"30,9";"35,5";"37,8";"38,2";"37,7";"37,8";"37,0";"37,7";"37,4";"36,6";"35,9"
"Tocantins";"38,8";"37,2";"37,5";"38,7";"37,0";"37,2";"38,6";"38,1";"37,9";"38,3";"37,7";"37,1";"37,0";"37,9";"37,2";"37,7";"36,0";"37,1";"37,8";"36,9";"37,1";"37,1";"37,5";"36,8";"37,6";"35,8";"37,3";"37,5";"36,0";"36,7";"37,8";"38,4";"37,5"
"Maranhão";"36,6";"35,0";"35,0";"36,5";"36,0";"35,3";"36,1";"34,5";"34,2";"35,2";"34,2";"34,2";"36,3";"34,6";"34,7";"35,6";"34,4";"34,0";"35,6";"33,7";"34,4";"35,8";"34,6";"34,7";"36,2";"34,3";"35,1";"36,5";"36,2";"34,7";"35,2";"34,7";"34,3"
"Piauí";"32,9";"32,7";"32,1";"33,0";"33,2";"32,0";"31,2";"33,5";"31,1";"32,2";"32,0";"31,7";"33,2";"30,8";"31,4";"32,9";"31,6";"31,8";"33,1";"32,0";"31,9";"32,4";"31,8";"30,6";"33,1";"33,2";"33,1";"32,8";"35,0";"32,5";"34,1";"32,4";"33,5"
"Ceará";"38,0";"37,3";"37,0";"38,5";"38,7";"37,4";"38,6";"37,6";"37,2";"38,0";"36,8";"36,6";"37,0";"35,9";"36,6";"36,6";"35,7";"35,5";"36,7";"35,7";"35,5";"37,2";"36,8";"35,9";"36,5";"35,7";"36,2";"36,7";"37,0";"35,7";"36,9";"37,3";"36,3"
"Rio Grande do Norte";"35,9";"35,8";"36,5";"36,4";"36,4";"36,5";"35,2";"34,9";"35,9";"35,4";"37,0";"35,6";"36,8";"36,5";"35,9";"36,6";"34,7";"35,7";"35,4";"35,3";"36,4";"36,7";"35,9";"35,6";"36,4";"36,0";"35,9";"36,7";"36,9";"36,2";"37,5";"37,8";"36,0"
"Paraíba";"35,8";"38,4";"35,9";"35,3";"37,1";"35,0";"36,5";"37,6";"35,2";"36,1";"34,3";"35,7";"35,5";"34,8";"35,1";"35,4";"33,7";"35,1";"36,4";"35,1";"35,0";"35,9";"37,6";"35,0";"36,2";"34,8";"36,0";"36,9";"35,2";"36,0";"36,6";"35,9";"35,6"
"Pernambuco";"38,1";"39,0";"38,0";"38,0";"38,0";"38,4";"38,5";"37,9";"37,9";"37,8";"38,1";"37,6";"38,4";"38,1";"38,1";"38,2";"37,1";"36,8";"37,8";"37,1";"36,7";"37,0";"38,3";"37,0";"38,0";"37,5";"37,3";"37,5";"38,1";"37,2";"37,2";"38,0";"36,8"
"Alagoas";"38,4";"37,0";"38,1";"37,0";"37,1";"37,2";"36,5";"38,2";"37,5";"36,1";"36,6";"36,2";"36,4";"34,7";"36,0";"36,9";"34,6";"36,5";"37,8";"37,4";"37,3";"36,7";"36,8";"36,6";"36,4";"35,8";"36,4";"36,6";"36,8";"36,3";"36,0";"36,7";"35,4"
"Sergipe";"35,8";"36,6";"35,3";"36,0";"35,8";"35,6";"36,3";"33,7";"35,8";"36,3";"34,7";"35,1";"36,7";"37,9";"35,3";"35,8";"35,0";"35,5";"34,9";"36,9";"35,4";"36,0";"34,9";"33,9";"35,8";"35,4";"34,4";"36,7";"36,3";"36,2";"36,4";"36,5";"35,9"
"Bahia";"35,9";"36,2";"35,0";"36,4";"35,9";"35,6";"36,1";"36,8";"35,5";"36,1";"35,6";"35,0";"36,4";"35,6";"35,6";"36,1";"34,6";"34,0";"35,2";"36,0";"35,0";"36,3";"35,2";"34,7";"36,1";"35,5";"35,3";"35,8";"35,9";"35,3";"35,5";"34,6";"34,8"
"Minas Gerais";"38,5";"38,4";"37,9";"38,1";"38,2";"37,5";"37,6";"37,6";"36,9";"36,9";"36,0";"37,0";"37,7";"37,1";"36,6";"36,5";"36,6";"36,4";"36,4";"35,9";"35,7";"37,0";"35,6";"36,0";"38,2";"38,6";"38,2";"38,2";"37,7";"37,7";"38,0";"38,6";"37,1"
"Espírito Santo";"39,2";"39,4";"38,9";"39,2";"39,3";"39,4";"39,2";"38,8";"38,4";"39,0";"38,3";"38,0";"39,0";"39,0";"38,1";"38,1";"37,4";"37,4";"37,8";"38,0";"37,4";"38,7";"38,1";"37,5";"38,2";"38,3";"38,3";"38,2";"37,8";"38,0";"38,3";"39,1";"38,5"
"Rio de Janeiro";"39,5";"41,0";"41,0";"40,2";"40,7";"40,1";"40,3";"41,1";"41,0";"39,9";"39,6";"40,5";"39,5";"39,2";"39,7";"39,1";"39,5";"39,0";"39,0";"39,1";"39,6";"38,6";"39,2";"39,5";"38,8";"38,0";"38,7";"38,7";"38,8";"38,8";"38,6";"39,0";"38,9"
"São Paulo";"39,9";"40,0";"40,6";"40,1";"40,3";"40,8";"40,1";"40,9";"40,6";"39,7";"40,2";"40,2";"39,3";"39,1";"39,5";"38,8";"39,1";"38,3";"38,1";"38,3";"38,7";"38,8";"38,6";"38,8";"38,7";"38,7";"39,1";"39,3";"39,0";"39,5";"39,5";"39,9";"39,5"
"Paraná";"39,5";"40,9";"39,2";"39,7";"40,1";"39,4";"39,2";"40,9";"39,0";"38,8";"36,9";"38,2";"38,8";"37,9";"39,1";"38,3";"37,4";"38,0";"38,6";"38,4";"37,5";"38,6";"37,2";"38,2";"38,9";"37,6";"38,2";"38,7";"39,3";"38,6";"38,2";"39,2";"38,8"
"Santa Catarina";"39,6";"40,8";"39,3";"39,6";"39,5";"39,9";"40,2";"39,7";"40,0";"39,9";"38,9";"39,4";"39,6";"38,4";"38,7";"39,2";"38,0";"38,7";"39,0";"39,5";"38,5";"39,9";"39,3";"39,1";"40,3";"39,8";"40,6";"40,0";"40,7";"39,9";"40,2";"39,6";"40,1"
"Rio Grande do Sul";"39,2";"38,9";"38,0";"39,0";"39,4";"38,0";"38,8";"38,6";"38,2";"38,6";"38,7";"37,2";"38,6";"37,8";"38,2";"38,1";"36,7";"37,0";"38,1";"38,2";"37,5";"38,9";"37,9";"37,7";"38,5";"38,1";"38,2";"38,3";"39,7";"38,2";"38,3";"38,3";"38,9"
"Mato Grosso do Sul";"39,3";"40,3";"39,4";"38,7";"39,5";"38,7";"38,7";"38,1";"38,8";"37,6";"36,7";"37,5";"37,8";"38,4";"36,4";"37,0";"37,3";"37,0";"37,0";"37,8";"37,1";"36,9";"37,7";"36,2";"37,8";"38,6";"37,6";"38,4";"39,1";"38,2";"39,0";"37,5";"38,1"
"Mato Grosso";"40,6";"40,5";"40,0";"40,8";"39,3";"40,0";"40,3";"40,8";"39,6";"40,1";"38,4";"39,1";"39,5";"38,1";"38,5";"39,8";"37,7";"38,6";"38,8";"38,7";"38,2";"39,6";"38,0";"38,7";"40,1";"39,5";"39,4";"40,1";"39,7";"39,4";"40,0";"38,9";"39,6"
"Goiás";"40,1";"40,2";"40,3";"40,3";"39,7";"40,8";"40,2";"40,7";"40,2";"39,5";"41,3";"39,7";"39,4";"38,5";"39,0";"38,3";"39,2";"38,7";"38,7";"39,2";"38,6";"39,2";"39,7";"38,9";"39,0";"38,1";"38,8";"39,0";"38,3";"38,9";"38,7";"38,8";"39,0"
"Distrito Federal";"37,9";"39,3";"38,5";"38,7";"39,4";"38,8";"37,9";"39,0";"38,9";"37,8";"39,6";"38,9";"38,2";"39,2";"38,2";"37,2";"37,1";"37,7";"37,6";"37,8";"37,4";"37,8";"37,6";"37,5";"37,7";"39,7";"38,4";"37,3";"37,6";"37,1";"37,2";"37,7";"36,6"
"Porto Velho (RO)";"39,1";"42,6";"40,7";"39,7";"40,3";"40,8";"42,0";"36,4";"40,5";"39,3";"40,8";"40,3";"38,6";"37,2";"38,5";"39,7";"38,7";"37,7";"39,1";"35,3";"38,8";"37,7";"38,7";"38,4";"37,2";"39,7";"37,9";"39,1";"40,3";"39,5";"38,1";"38,5";"37,7"
"Rio Branco (AC)";"38,6";"38,2";"38,8";"40,3";"42,3";"38,8";"38,5";"37,9";"38,9";"38,0";"37,6";"37,3";"38,2";"37,6";"37,4";"36,7";"36,2";"37,1";"37,2";"35,5";"36,7";"37,4";"37,4";"36,6";"37,1";"38,4";"37,8";"38,6";"38,7";"38,4";"38,2";"37,6";"37,4"
"Manaus (AM)";"42,3";"42,5";"41,9";"39,6";"43,4";"40,5";"39,6";"41,5";"40,4";"40,3";"41,0";"39,0";"37,8";"37,8";"37,0";"37,6";"39,1";"37,4";"37,3";"36,5";"36,4";"39,7";"38,0";"38,4";"38,6";"38,4";"38,5";"38,8";"38,3";"38,5";"38,9";"40,4";"38,3"
"Boa Vista (RR)";"39,0";"38,9";"37,4";"38,0";"37,6";"36,7";"38,0";"36,0";"37,5";"37,2";"37,6";"36,6";"38,5";"39,3";"37,3";"39,2";"37,0";"37,6";"37,2";"36,7";"36,1";"36,5";"36,1";"36,3";"38,2";"39,6";"38,5";"38,0";"39,6";"38,2";"38,3";"40,0";"38,7"
"Belém (PA)";"38,3";"39,5";"37,9";"36,8";"38,6";"37,9";"38,5";"39,4";"36,8";"35,6";"36,8";"35,3";"37,0";"36,8";"36,1";"35,8";"35,7";"36,9";"36,1";"35,3";"36,0";"36,9";"37,7";"37,8";"36,7";"37,3";"35,3";"37,4";"37,8";"37,2";"38,2";"38,7";"38,3"
"Macapá (AP)";"40,6";"40,1";"39,5";"40,5";"38,3";"40,1";"40,3";"39,2";"40,3";"37,7";"38,7";"37,0";"38,9";"37,9";"37,6";"40,5";"37,5";"34,8";"37,2";"35,7";"35,4";"36,6";"28,5";"36,0";"38,1";"38,9";"38,4";"36,9";"37,9";"37,3";"37,2";"36,3";"36,0"
"Palmas (TO)";"37,3";"37,9";"38,5";"38,4";"39,2";"38,7";"39,6";"40,3";"39,6";"38,4";"38,6";"40,2";"37,9";"38,8";"38,2";"38,4";"38,5";"38,1";"37,0";"39,5";"36,8";"39,2";"36,4";"37,2";"39,1";"38,9";"38,5";"38,2";"37,0";"37,7";"37,8";"39,3";"37,6"
"São Luís (MA)";"39,2";"41,7";"40,8";"39,6";"38,8";"39,6";"38,0";"38,8";"38,7";"37,9";"38,2";"37,4";"37,7";"40,1";"38,7";"36,9";"36,3";"36,8";"37,8";"37,2";"37,5";"35,9";"36,9";"37,7";"38,1";"38,6";"37,9";"37,5";"37,4";"37,5";"36,9";"37,0";"36,1"
"Teresina (PI)";"36,5";"35,9";"35,0";"35,1";"35,8";"35,4";"33,8";"36,7";"35,0";"36,0";"34,8";"35,8";"33,1";"31,4";"34,0";"36,0";"34,6";"35,5";"36,1";"35,5";"35,9";"34,7";"33,8";"34,0";"34,7";"36,1";"35,2";"34,8";"37,3";"35,9";"36,5";"36,6";"35,1"
"Fortaleza (CE)";"40,3";"40,8";"41,0";"40,9";"40,3";"41,2";"41,3";"38,7";"41,4";"39,7";"40,3";"39,6";"37,9";"37,3";"39,6";"38,0";"36,5";"38,1";"38,1";"36,8";"38,2";"38,8";"39,8";"38,5";"37,5";"38,8";"37,8";"37,8";"39,6";"36,6";"38,4";"40,6";"38,8"
"Natal (RN)";"37,7";"38,0";"38,3";"38,4";"38,2";"38,6";"36,5";"36,5";"37,7";"36,1";"39,6";"37,7";"37,9";"38,0";"37,9";"38,4";"36,2";"37,1";"36,7";"36,0";"37,4";"38,1";"38,0";"36,3";"35,7";"37,0";"37,1";"37,8";"38,2";"37,6";"38,3";"39,5";"38,1"
"João Pessoa (PB)";"37,6";"38,0";"38,8";"36,7";"40,5";"37,9";"38,8";"40,3";"38,2";"38,0";"36,6";"38,5";"36,8";"35,0";"36,2";"35,3";"35,0";"35,5";"37,5";"37,8";"36,6";"37,0";"41,5";"38,1";"37,9";"36,1";"38,1";"38,4";"38,0";"38,5";"37,8";"38,4";"39,0"
"Recife (PE)";"39,0";"35,9";"39,9";"37,6";"37,8";"40,4";"39,6";"39,1";"39,6";"38,9";"39,9";"39,4";"38,3";"38,9";"39,4";"38,0";"38,3";"38,7";"37,2";"40,2";"38,7";"37,5";"37,7";"39,1";"37,3";"38,8";"38,9";"36,9";"36,7";"36,7";"37,6";"38,9";"37,8"
"Maceió (AL)";"38,3";"38,8";"39,0";"39,0";"38,7";"39,8";"37,3";"38,8";"39,7";"38,2";"36,4";"38,8";"38,1";"37,2";"37,3";"38,1";"36,2";"38,3";"38,8";"38,1";"38,4";"38,3";"38,5";"38,5";"37,9";"38,9";"38,7";"37,3";"37,0";"37,9";"36,7";"38,9";"36,9"
"Aracaju (SE)";"37,0";"38,9";"38,1";"38,1";"36,8";"38,5";"37,9";"37,7";"39,0";"40,1";"39,4";"39,7";"38,6";"41,4";"39,0";"39,0";"38,5";"39,6";"36,8";"39,2";"38,5";"38,8";"37,0";"36,4";"37,9";"38,3";"36,8";"38,5";"39,1";"39,2";"37,4";"36,9";"36,5"
"Salvador (BA)";"35,5";"36,2";"35,4";"36,1";"37,8";"38,1";"38,4";"39,2";"37,6";"37,2";"37,3";"36,6";"38,8";"37,5";"38,5";"36,2";"35,0";"33,7";"35,6";"37,0";"37,8";"35,9";"36,5";"35,8";"35,9";"38,2";"36,1";"37,5";"37,0";"35,8";"38,3";"36,0";"37,2"
"Belo Horizonte (MG)";"37,3";"37,1";"38,0";"36,0";"39,0";"37,1";"35,0";"37,3";"37,3";"35,0";"37,3";"36,5";"37,1";"36,4";"37,3";"35,1";"35,9";"36,0";"35,1";"35,9";"34,8";"34,8";"35,1";"35,7";"37,9";"37,9";"38,7";"36,9";"37,4";"37,4";"36,2";"38,4";"37,2"
"Vitória (ES)";"37,9";"41,7";"37,4";"37,5";"36,6";"38,3";"38,3";"40,7";"38,0";"38,5";"39,2";"38,0";"38,6";"38,5";"39,3";"37,4";"37,6";"38,7";"36,2";"38,9";"38,0";"37,2";"36,2";"37,2";"37,6";"35,5";"36,1";"37,5";"38,8";"38,4";"38,2";"38,8";"37,1"
"Rio de Janeiro (RJ)";"39,1";"41,2";"40,8";"40,0";"41,4";"40,8";"40,2";"40,8";"40,8";"40,1";"39,9";"41,5";"39,9";"39,4";"40,5";"39,7";"40,0";"39,1";"39,1";"39,4";"40,2";"38,7";"40,0";"40,3";"39,6";"38,7";"39,5";"38,6";"38,6";"39,0";"38,4";"39,6";"38,8"
"São Paulo (SP)";"40,0";"41,1";"41,0";"40,4";"41,1";"41,5";"40,8";"42,1";"41,3";"40,2";"41,3";"40,7";"39,8";"39,9";"40,2";"39,1";"40,1";"38,0";"39,2";"40,3";"39,9";"38,9";"39,7";"39,8";"38,8";"38,1";"39,3";"39,7";"38,8";"39,7";"39,9";"40,0";"39,1"
"Curitiba (PR)";"39,9";"40,6";"40,1";"40,0";"39,8";"41,0";"38,8";"44,6";"40,2";"39,0";"38,1";"40,5";"38,2";"40,4";"38,5";"38,4";"38,7";"38,1";"37,9";"40,4";"37,8";"38,3";"39,1";"38,1";"38,6";"39,2";"37,7";"38,3";"40,8";"38,8";"38,6";"38,2";"39,4"
"Florianópolis (SC)";"37,9";"35,5";"41,9";"38,7";"41,5";"38,4";"37,1";"38,6";"35,7";"37,6";"39,2";"39,5";"37,5";"37,5";"38,2";"35,0";"37,1";"39,3";"30,6";"37,7";"37,0";"36,5";"37,6";"39,6";"37,8";"37,9";"41,0";"38,1";"40,6";"38,5";"37,8";"35,3";"38,0"
"Porto Alegre (RS)";"37,7";"38,5";"39,1";"38,2";"39,2";"40,1";"38,9";"39,4";"40,9";"39,3";"37,3";"40,7";"37,2";"36,4";"38,8";"36,4";"38,4";"38,4";"36,7";"36,9";"37,2";"38,7";"36,8";"39,2";"37,9";"37,3";"39,0";"37,9";"38,7";"38,5";"36,6";"37,5";"36,6"
"Campo Grande (MS)";"39,4";"39,0";"39,5";"37,9";"39,8";"38,6";"38,5";"38,6";"38,9";"36,9";"34,5";"37,3";"37,3";"38,1";"36,2";"37,1";"37,2";"37,5";"36,9";"36,7";"37,0";"36,4";"37,8";"35,7";"37,6";"38,4";"37,7";"37,8";"38,1";"38,1";"38,5";"38,1";"37,6"
"Cuiabá (MT)";"39,4";"38,8";"39,4";"39,7";"41,1";"38,9";"41,2";"41,0";"39,3";"37,4";"36,9";"38,0";"39,3";"37,4";"38,3";"38,9";"37,6";"37,9";"40,2";"41,0";"37,6";"38,9";"36,7";"38,1";"38,9";"39,5";"38,7";"38,7";"39,4";"38,4";"37,6";"37,0";"37,3"
"Goiânia (GO)";"38,8";"39,9";"38,6";"39,2";"40,3";"39,5";"39,7";"40,1";"39,0";"39,5";"40,8";"39,7";"39,3";"38,3";"38,4";"38,0";"38,0";"37,6";"39,1";"39,1";"38,3";"38,9";"40,8";"39,5";"37,2";"37,4";"38,3";"38,9";"38,6";"38,4";"38,5";"38,2";"38,6"
"Brasília (DF)";"37,9";"39,3";"38,5";"38,7";"39,4";"38,8";"37,9";"39,0";"38,9";"37,8";"39,6";"38,9";"38,2";"39,2";"38,2";"37,2";"37,1";"37,7";"37,6";"37,8";"37,4";"37,8";"37,6";"37,5";"37,7";"39,7";"38,4";"37,3";"37,6";"37,1";"37,2";"37,7";"36,6"
"Manaus (AM)";"41,9";"42,4";"41,0";"39,6";"43,3";"39,9";"39,3";"41,0";"40,0";"40,2";"40,1";"38,7";"37,7";"37,5";"37,1";"37,6";"37,8";"36,8";"37,0";"35,3";"36,0";"39,4";"37,8";"37,9";"38,0";"38,2";"37,8";"38,7";"38,2";"38,0";"38,6";"40,1";"37,7"
"Belém (PA)";"38,5";"40,1";"37,7";"36,7";"37,7";"37,6";"37,7";"37,6";"36,7";"35,3";"37,0";"35,9";"37,1";"37,7";"36,0";"36,2";"36,4";"36,7";"36,7";"36,0";"35,9";"36,9";"38,0";"36,8";"37,2";"36,9";"35,3";"36,8";"36,4";"37,0";"37,4";"38,0";"37,5"
"Macapá (AP)";"40,3";"39,9";"39,9";"40,8";"37,7";"40,4";"40,4";"38,8";"40,2";"38,2";"38,3";"36,9";"39,0";"37,7";"37,8";"40,5";"37,8";"35,6";"37,7";"36,3";"36,4";"37,1";"29,2";"36,2";"38,2";"38,3";"38,1";"37,4";"37,6";"37,8";"36,9";"37,1";"36,2"
"Grande São Luís (MA)";"40,1";"41,6";"40,3";"40,0";"38,6";"39,8";"38,5";"38,5";"39,1";"38,1";"37,9";"37,8";"38,6";"38,5";"38,8";"37,1";"37,1";"37,5";"37,3";"34,4";"37,5";"37,0";"37,3";"38,2";"38,1";"38,5";"38,0";"37,6";"37,1";"37,8";"37,0";"37,1";"36,8"
"Fortaleza (CE)";"40,1";"41,3";"40,6";"41,0";"40,8";"41,0";"40,8";"39,0";"40,4";"39,8";"39,3";"39,2";"38,2";"37,8";"39,4";"38,3";"36,8";"38,1";"38,7";"37,1";"38,5";"39,2";"39,7";"38,5";"37,0";"38,4";"38,2";"37,9";"40,0";"37,4";"38,6";"39,4";"38,9"
"Natal (RN)";"36,5";"37,9";"37,2";"37,3";"38,3";"37,0";"36,3";"36,4";"37,2";"36,3";"38,6";"37,2";"37,5";"38,1";"37,3";"38,1";"36,5";"36,6";"35,8";"35,9";"36,9";"37,7";"36,9";"36,5";"35,9";"35,3";"36,0";"37,3";"38,0";"37,0";"38,1";"37,9";"37,5"
"João Pessoa (PB)";"38,3";"40,3";"38,9";"36,7";"38,9";"37,7";"38,2";"40,3";"37,5";"38,9";"36,2";"38,0";"36,3";"35,9";"35,8";"35,7";"34,3";"36,2";"37,7";"37,0";"37,1";"37,8";"40,6";"37,0";"37,8";"36,6";"38,4";"38,1";"36,7";"38,8";"36,7";"37,8";"37,0"
"Recife (PE)";"39,9";"39,7";"41,3";"38,9";"39,2";"40,4";"39,5";"38,5";"39,3";"39,0";"40,0";"39,4";"39,0";"38,9";"39,2";"38,0";"38,4";"38,4";"38,0";"38,2";"38,2";"37,8";"38,8";"38,2";"38,4";"38,1";"38,9";"38,7";"38,2";"37,7";"38,0";"39,1";"38,1"
"Maceió (AL)";"38,3";"38,9";"38,9";"38,6";"38,2";"39,6";"37,3";"38,6";"39,6";"38,4";"37,2";"38,8";"38,0";"36,7";"37,4";"38,4";"35,2";"38,4";"39,2";"37,8";"38,6";"38,0";"38,2";"38,1";"37,9";"36,0";"38,1";"37,7";"38,5";"38,1";"37,0";"37,7";"36,8"
"Aracaju (SE)";"37,8";"37,7";"37,9";"38,3";"38,0";"38,4";"38,5";"36,6";"39,0";"40,9";"37,1";"39,5";"38,9";"40,5";"39,1";"39,4";"37,7";"39,3";"37,2";"39,5";"38,9";"38,5";"36,5";"36,5";"38,1";"37,8";"37,5";"39,2";"39,0";"38,8";"37,8";"37,2";"37,4"
"Salvador (BA)";"36,5";"37,1";"36,4";"36,6";"37,6";"38,1";"39,3";"39,6";"38,0";"38,3";"37,4";"37,2";"38,4";"36,8";"38,4";"36,7";"35,4";"34,4";"35,4";"36,9";"37,5";"36,9";"36,1";"35,6";"36,4";"37,7";"36,4";"37,4";"37,5";"36,6";"38,3";"36,6";"37,6"
"Belo Horizonte (MG)";"38,2";"38,4";"38,3";"37,5";"38,8";"38,3";"36,6";"37,3";"38,1";"36,2";"37,2";"37,3";"37,8";"36,3";"37,2";"35,8";"36,6";"36,8";"36,0";"35,5";"35,5";"36,4";"35,2";"36,3";"37,1";"37,9";"38,1";"37,3";"38,3";"37,8";"37,4";"39,6";"37,3"
"Grande Vitória (ES)";"39,0";"39,9";"39,1";"39,1";"39,4";"40,0";"39,6";"39,0";"38,7";"39,2";"38,4";"38,1";"39,0";"39,7";"38,3";"38,0";"37,4";"37,7";"37,7";"38,2";"37,2";"38,2";"38,0";"37,0";"37,7";"37,7";"38,1";"38,4";"38,0";"38,8";"38,3";"39,4";"38,9"
"Rio de Janeiro (RJ)";"39,6";"41,2";"41,1";"40,1";"40,7";"40,0";"40,2";"41,1";"41,0";"39,9";"39,1";"40,6";"39,3";"39,1";"39,8";"39,2";"39,5";"39,2";"39,1";"39,5";"39,9";"38,6";"39,7";"39,7";"38,8";"37,8";"38,7";"38,6";"38,7";"38,7";"38,5";"39,2";"39,0"
"São Paulo (SP)";"40,6";"41,1";"41,5";"40,6";"41,1";"41,4";"40,7";"41,7";"41,6";"40,3";"41,0";"40,7";"39,5";"39,8";"39,9";"38,8";"39,3";"38,3";"38,6";"39,2";"39,3";"39,4";"39,1";"38,9";"39,0";"38,6";"39,2";"39,5";"39,1";"40,0";"40,2";"40,0";"39,6"
"Curitiba (PR)";"39,9";"39,5";"40,1";"40,3";"40,3";"40,8";"39,4";"42,6";"40,2";"39,4";"36,4";"39,4";"38,5";"39,1";"39,5";"38,6";"38,9";"38,2";"38,5";"39,6";"38,2";"38,6";"37,7";"38,3";"38,4";"37,2";"37,1";"38,7";"39,2";"38,9";"38,9";"39,8";"39,8"
"Florianópolis (SC)";"38,2";"39,5";"39,1";"38,8";"40,5";"39,2";"38,4";"39,5";"37,4";"38,5";"39,2";"38,7";"37,8";"38,9";"38,4";"36,1";"36,8";"38,7";"34,4";"37,1";"37,0";"37,3";"38,8";"39,2";"38,4";"38,6";"40,6";"38,4";"39,3";"38,8";"38,5";"37,6";"39,2"
"Porto Alegre (RS)";"39,5";"39,5";"39,5";"39,7";"39,4";"39,5";"39,6";"38,6";"40,5";"39,2";"37,8";"38,9";"38,5";"37,9";"39,1";"38,4";"37,3";"37,4";"38,7";"38,7";"37,8";"39,2";"38,2";"38,8";"38,4";"39,1";"39,1";"38,7";"40,0";"38,2";"38,1";"38,8";"39,2"
"Vale do Rio Cuiabá (MT)";"40,8";"39,4";"40,0";"39,9";"40,7";"39,5";"40,4";"40,5";"39,4";"37,9";"36,8";"37,9";"39,6";"37,2";"38,4";"39,0";"38,1";"38,1";"39,9";"40,2";"37,2";"38,3";"36,7";"38,2";"39,1";"38,9";"38,4";"38,4";"38,9";"37,7";"38,2";"37,2";"37,7"
"Goiânia (GO)";"39,4";"40,5";"39,1";"39,8";"39,1";"40,5";"39,6";"40,0";"40,1";"39,7";"41,4";"39,4";"39,1";"38,6";"38,2";"38,6";"39,5";"38,3";"39,1";"39,2";"38,7";"38,1";"40,0";"38,6";"38,3";"37,6";"38,7";"39,0";"37,9";"38,7";"38,8";"38,5";"39,5"
"Grande Teresina";"37,5";"35,1";"35,0";"35,6";"36,1";"35,1";"34,1";"35,6";"34,2";"35,8";"35,3";"35,7";"33,4";"30,6";"34,0";"35,5";"35,2";"34,6";"36,0";"34,9";"34,9";"34,5";"33,1";"33,8";"35,2";"36,0";"35,3";"35,5";"37,4";"36,1";"36,6";"36,5";"35,8"
"Fonte: IBGE - Pesquisa Nacional por Amostra de Domicílios Contínua anual"

"Tabela 10372 - Média de horas habitualmente trabalhadas por semana e efetivamente trabalhadas na semana de referência, no trabalho principal e em todos os trabalhos, das pessoas de 14 anos ou mais de idade, por cor ou raça"
"Variável - Média de horas habitualmente trabalhadas por semana em todos trabalhos das pessoas de 14 anos ou mais de idade (%)"
"Brasil, Região Integrada de Desenvolvimento até 2020, Grande Região, Unidade da Federação, Município e Região Metropolitana até 2020";"Ano x Cor ou raça"
"Brasil, Região Integrada de Desenvolvimento até 2020, Grande Região, Unidade da Federação, Município e Região Metropolitana até 2020";"2012";;;"2013";;;"2014";;;"2015";;;"2016";;;"2017";;;"2018";;;"2019";;;"2023";;;"2024";;;"2025"
"Brasil, Região Integrada de Desenvolvimento até 2020, Grande Região, Unidade da Federação, Município e Região Metropolitana até 2020";"Branca";"Preta";"Parda";"Branca";"Preta";"Parda";"Branca";"Preta";"Parda";"Branca";"Preta";"Parda";"Branca";"Preta";"Parda";"Branca";"Preta";"Parda";"Branca";"Preta";"Parda";"Branca";"Preta";"Parda";"Branca";"Preta";"Parda";"Branca";"Preta";"Parda";"Branca";"Preta";"Parda"
"Brasil";"41,6";"41,3";"40,4";"41,2";"40,6";"40,1";"41,0";"40,5";"39,8";"40,7";"40,0";"39,3";"40,5";"39,5";"39,1";"40,5";"39,3";"38,9";"40,6";"39,4";"39,0";"40,7";"39,6";"39,0";"40,4";"39,7";"39,3";"40,6";"39,9";"39,5";"40,7";"40,0";"39,4"
"Norte";"41,2";"41,8";"40,0";"40,1";"40,2";"39,2";"40,1";"39,2";"39,0";"39,7";"39,0";"38,3";"39,1";"39,0";"37,9";"38,7";"38,9";"37,7";"39,0";"37,1";"37,1";"38,5";"37,6";"37,5";"39,6";"38,8";"37,7";"39,0";"38,4";"37,9";"38,7";"39,2";"37,6"
"Nordeste";"39,3";"39,3";"38,5";"39,1";"38,5";"38,1";"38,8";"38,8";"37,9";"38,6";"38,2";"37,5";"38,5";"37,8";"37,4";"38,4";"37,0";"36,9";"38,1";"37,5";"37,1";"38,5";"37,8";"37,0";"38,2";"37,6";"37,3";"38,4";"38,2";"37,5";"38,7";"37,7";"37,5"
"Sudeste";"41,9";"42,1";"41,9";"41,6";"41,6";"41,6";"41,4";"41,6";"41,3";"41,1";"41,0";"40,9";"40,9";"40,5";"40,4";"40,9";"40,7";"40,3";"41,1";"40,5";"40,5";"41,1";"40,7";"40,5";"40,7";"40,7";"40,8";"41,0";"40,7";"40,9";"41,1";"41,1";"40,8"
"Sul";"41,9";"42,3";"41,4";"41,7";"42,0";"41,4";"41,5";"41,2";"41,0";"41,3";"40,5";"40,3";"41,0";"39,9";"40,8";"40,8";"39,6";"40,2";"40,9";"40,5";"39,9";"41,1";"40,0";"40,4";"41,1";"40,4";"40,6";"41,1";"41,9";"40,8";"40,9";"41,1";"41,1"
"Centro-Oeste";"41,7";"42,5";"41,8";"41,5";"41,6";"41,7";"41,3";"41,4";"41,2";"40,8";"41,4";"40,8";"40,4";"40,2";"39,9";"40,6";"40,3";"40,2";"40,7";"40,9";"40,4";"40,7";"40,7";"40,3";"40,8";"40,5";"40,6";"40,8";"40,5";"40,7";"40,9";"40,8";"40,7"
"Rondônia";"41,1";"41,8";"39,6";"40,9";"41,0";"39,6";"40,5";"39,0";"39,4";"41,0";"40,3";"39,6";"40,2";"39,4";"39,0";"39,5";"38,2";"38,8";"39,8";"39,6";"39,0";"38,8";"38,5";"38,0";"40,1";"40,6";"39,3";"39,7";"40,8";"38,5";"39,1";"39,4";"38,9"
"Acre";"40,4";"40,0";"40,8";"40,5";"43,0";"39,7";"39,0";"37,7";"38,0";"39,3";"39,3";"37,6";"39,5";"38,1";"38,1";"37,2";"36,9";"37,0";"38,1";"36,1";"36,8";"37,4";"39,2";"37,5";"37,4";"36,8";"37,2";"38,1";"37,6";"37,7";"38,6";"37,8";"37,3"
"Amazonas";"42,4";"43,4";"41,6";"40,8";"44,3";"40,2";"40,0";"41,1";"39,3";"40,6";"40,3";"38,9";"38,6";"37,4";"37,6";"37,4";"38,7";"36,7";"37,5";"35,3";"35,8";"38,9";"37,2";"37,1";"38,2";"39,6";"37,0";"38,2";"37,9";"36,8";"38,2";"38,6";"36,9"
"Roraima";"41,0";"43,2";"39,8";"40,0";"39,5";"39,0";"39,5";"38,6";"38,4";"40,9";"38,2";"39,0";"40,0";"40,9";"38,5";"40,7";"38,4";"38,7";"39,7";"39,0";"37,7";"38,4";"37,8";"37,9";"40,8";"40,7";"40,1";"39,9";"41,4";"40,0";"39,9";"41,7";"40,0"
"Pará";"40,8";"42,0";"39,1";"39,3";"39,7";"38,4";"39,9";"38,7";"38,7";"39,0";"38,6";"37,7";"39,0";"39,1";"37,7";"38,7";"39,4";"38,0";"39,4";"36,5";"37,3";"38,3";"37,6";"37,5";"40,0";"38,7";"37,2";"38,8";"37,9";"37,9";"38,4";"38,8";"37,3"
"Amapá";"41,7";"40,5";"41,1";"42,0";"38,5";"41,4";"41,9";"41,9";"42,0";"39,4";"39,7";"38,8";"39,5";"39,0";"38,2";"41,1";"38,9";"37,5";"38,5";"36,9";"37,5";"38,3";"31,4";"36,2";"39,2";"39,0";"38,9";"38,6";"38,2";"38,7";"38,1";"37,1";"36,5"
"Tocantins";"41,3";"40,1";"40,3";"40,0";"38,8";"39,2";"40,4";"38,8";"39,2";"39,2";"39,0";"38,5";"38,0";"38,9";"38,1";"39,2";"37,5";"38,1";"39,3";"39,0";"38,3";"39,0";"38,3";"38,1";"40,7";"37,5";"39,2";"40,0";"38,6";"39,0";"40,2";"41,1";"39,7"
"Maranhão";"39,0";"37,5";"37,3";"38,6";"38,0";"37,5";"38,4";"36,5";"36,3";"37,1";"36,7";"36,1";"38,1";"36,6";"36,4";"37,5";"36,1";"35,9";"37,2";"35,5";"35,9";"37,8";"35,9";"36,4";"37,5";"35,9";"36,3";"37,6";"37,3";"36,1";"37,0";"35,9";"35,8"
"Piauí";"37,6";"36,7";"36,7";"37,1";"37,0";"35,7";"35,9";"38,1";"35,4";"35,9";"35,6";"35,2";"36,2";"35,5";"34,8";"36,3";"34,1";"34,4";"37,7";"34,7";"34,8";"36,2";"35,6";"33,8";"36,3";"36,1";"35,8";"36,1";"37,6";"35,0";"37,3";"34,6";"35,6"
"Ceará";"40,5";"40,2";"39,6";"40,5";"40,4";"39,1";"40,3";"39,5";"38,7";"39,6";"39,3";"38,1";"38,4";"37,0";"37,8";"38,4";"36,9";"37,1";"38,3";"36,4";"37,4";"38,8";"38,4";"37,6";"37,9";"37,5";"37,2";"38,1";"37,7";"37,0";"38,7";"38,8";"37,8"
"Rio Grande do Norte";"38,5";"38,1";"38,5";"38,5";"39,6";"38,7";"38,1";"38,2";"38,9";"38,1";"39,7";"38,5";"39,5";"38,7";"38,1";"38,9";"37,7";"38,1";"37,0";"37,9";"38,2";"38,8";"37,4";"37,8";"38,6";"39,3";"38,3";"38,5";"38,3";"38,0";"39,7";"39,6";"38,4"
"Paraíba";"38,9";"42,4";"38,5";"37,8";"40,4";"37,5";"38,9";"39,8";"37,6";"38,6";"37,2";"37,7";"37,7";"37,9";"37,1";"37,7";"36,5";"37,2";"38,6";"37,3";"37,2";"38,5";"38,7";"36,8";"38,6";"36,7";"37,6";"38,6";"37,9";"38,0";"39,3";"37,9";"38,3"
"Pernambuco";"39,8";"40,7";"39,5";"39,8";"39,9";"39,5";"39,7";"39,3";"39,1";"39,2";"39,3";"38,7";"39,9";"38,9";"39,2";"39,7";"38,3";"38,1";"39,0";"38,3";"38,3";"38,7";"40,0";"38,3";"39,0";"39,1";"38,5";"39,3";"39,9";"38,9";"39,4";"39,9";"38,6"
"Alagoas";"39,8";"38,9";"39,6";"38,5";"38,8";"38,5";"38,2";"38,8";"38,3";"37,5";"38,1";"37,6";"37,4";"35,6";"37,2";"38,0";"35,6";"37,4";"38,8";"38,4";"38,0";"37,8";"38,9";"37,6";"37,9";"38,1";"38,0";"38,6";"38,7";"38,4";"38,7";"38,8";"37,6"
"Sergipe";"38,7";"39,7";"38,0";"39,1";"38,2";"38,3";"38,5";"36,0";"37,9";"38,3";"38,4";"37,5";"38,7";"39,0";"37,1";"37,5";"36,9";"37,1";"37,2";"38,8";"37,4";"38,8";"37,3";"36,2";"38,6";"38,2";"36,7";"38,6";"38,7";"38,9";"38,8";"39,1";"38,1"
"Bahia";"39,0";"39,4";"38,3";"38,8";"38,0";"37,5";"38,2";"39,3";"37,7";"39,2";"38,4";"37,4";"38,0";"38,1";"37,3";"38,7";"37,3";"36,6";"37,5";"38,1";"36,9";"38,7";"37,8";"36,7";"37,9";"37,7";"37,3";"38,3";"38,0";"37,5";"38,5";"37,4";"37,4"
"Minas Gerais";"41,6";"41,4";"40,8";"40,9";"40,9";"40,4";"40,7";"40,7";"40,1";"40,5";"40,3";"40,1";"40,8";"40,2";"39,9";"40,5";"40,6";"39,9";"40,8";"40,2";"39,5";"40,6";"40,0";"39,4";"41,1";"41,2";"41,0";"41,1";"40,6";"40,6";"40,9";"41,0";"40,0"
"Espírito Santo";"41,6";"42,1";"41,2";"40,9";"41,1";"41,2";"40,7";"40,1";"39,6";"40,2";"39,7";"39,3";"40,4";"40,8";"39,5";"40,1";"39,7";"39,3";"40,4";"40,4";"39,6";"40,5";"40,2";"39,6";"40,0";"40,0";"40,1";"40,0";"39,8";"39,7";"40,0";"40,8";"39,9"
"Rio de Janeiro";"41,6";"42,3";"42,3";"41,4";"41,9";"41,8";"41,3";"41,9";"41,6";"40,9";"40,5";"41,0";"40,6";"40,4";"40,5";"40,3";"40,5";"40,3";"40,7";"40,6";"40,7";"40,4";"40,5";"41,0";"40,2";"39,8";"40,2";"40,4";"40,2";"40,3";"40,6";"40,4";"40,5"
"São Paulo";"42,1";"42,5";"42,6";"41,8";"41,9";"42,6";"41,6";"42,2";"42,3";"41,3";"41,9";"41,7";"41,1";"40,9";"40,8";"41,2";"41,0";"40,7";"41,3";"40,7";"41,2";"41,6";"41,4";"41,1";"40,7";"41,1";"40,9";"41,2";"41,2";"41,6";"41,4";"41,7";"41,6"
"Paraná";"41,7";"43,3";"41,4";"41,4";"42,8";"41,3";"41,1";"42,5";"40,9";"40,6";"39,3";"40,2";"40,6";"40,1";"40,8";"40,3";"39,3";"40,1";"40,6";"39,6";"39,6";"40,7";"39,5";"40,2";"40,7";"40,5";"40,2";"40,7";"41,8";"40,6";"40,4";"41,6";"40,8"
"Santa Catarina";"42,0";"43,3";"42,5";"41,8";"42,0";"42,1";"41,5";"41,1";"41,2";"41,5";"41,0";"41,4";"41,3";"40,2";"40,8";"41,0";"39,5";"40,9";"41,0";"40,9";"40,3";"41,4";"41,4";"40,7";"41,4";"40,8";"41,7";"41,1";"41,9";"41,2";"41,5";"40,9";"41,3"
"Rio Grande do Sul";"42,0";"41,2";"40,7";"41,8";"41,5";"41,0";"41,8";"40,4";"41,0";"41,6";"41,2";"40,2";"41,1";"39,7";"40,8";"41,1";"39,8";"40,0";"41,2";"41,0";"40,3";"41,3";"39,9";"40,4";"41,1";"40,1";"40,5";"41,4";"41,9";"40,8";"41,0";"40,9";"41,5"
"Mato Grosso do Sul";"41,9";"43,0";"42,1";"40,8";"42,8";"41,0";"41,0";"40,8";"41,4";"40,3";"40,5";"40,1";"40,5";"41,3";"39,4";"40,8";"40,7";"40,8";"40,5";"41,6";"40,2";"40,6";"40,4";"39,9";"40,7";"41,5";"39,8";"40,7";"41,6";"41,0";"40,6";"40,1";"40,4"
"Mato Grosso";"42,6";"42,6";"42,1";"42,2";"41,8";"41,1";"42,2";"42,0";"40,8";"41,9";"40,5";"40,4";"40,3";"38,7";"39,7";"40,9";"39,1";"40,0";"41,5";"40,9";"40,3";"40,7";"40,0";"40,3";"41,4";"40,7";"41,1";"41,8";"41,6";"41,4";"41,7";"40,7";"41,4"
"Goiás";"41,9";"42,6";"42,0";"41,9";"41,5";"42,6";"41,7";"41,8";"41,6";"41,2";"42,5";"41,3";"40,8";"40,3";"40,2";"40,9";"41,2";"40,5";"40,9";"40,9";"40,8";"40,9";"41,7";"40,6";"40,7";"39,6";"40,5";"40,4";"39,7";"40,4";"41,0";"41,1";"40,8"
"Distrito Federal";"40,5";"41,7";"40,5";"40,6";"40,8";"40,6";"39,8";"40,5";"40,7";"39,6";"40,7";"40,7";"39,7";"41,1";"39,9";"39,6";"39,8";"39,5";"39,8";"40,4";"39,6";"40,3";"39,8";"39,9";"40,4";"41,4";"40,9";"40,8";"40,1";"40,1";"40,2";"40,6";"39,6"
"Porto Velho (RO)";"41,2";"43,3";"42,7";"40,5";"41,7";"41,4";"42,5";"36,5";"40,7";"39,6";"41,4";"41,0";"39,3";"38,4";"39,0";"40,4";"39,7";"38,6";"40,2";"37,9";"39,3";"38,3";"38,8";"39,3";"37,9";"39,7";"38,0";"39,2";"44,2";"39,6";"39,0";"39,3";"38,8"
"Rio Branco (AC)";"41,2";"41,3";"40,6";"41,5";"44,2";"40,1";"39,6";"39,0";"39,7";"39,3";"39,8";"39,2";"39,7";"38,1";"38,5";"38,5";"37,2";"38,5";"38,6";"36,9";"37,8";"38,4";"39,4";"38,0";"37,9";"38,3";"38,0";"39,3";"38,7";"38,8";"39,6";"39,1";"38,5"
"Manaus (AM)";"44,0";"45,2";"43,2";"41,3";"44,0";"41,8";"40,4";"43,1";"41,4";"41,3";"41,4";"40,2";"38,4";"38,9";"38,1";"38,5";"40,1";"38,1";"38,8";"37,6";"37,0";"40,5";"39,1";"39,3";"39,5";"40,5";"39,3";"39,4";"38,9";"39,0";"39,2";"40,8";"38,8"
"Boa Vista (RR)";"41,4";"43,0";"40,1";"40,3";"39,4";"39,2";"39,6";"38,2";"38,9";"40,7";"38,7";"39,2";"40,4";"41,7";"38,6";"40,8";"37,7";"38,8";"39,6";"38,8";"37,6";"38,8";"37,3";"38,4";"40,8";"41,1";"39,8";"39,9";"41,3";"40,0";"40,1";"41,5";"40,8"
"Belém (PA)";"40,1";"41,7";"40,7";"38,9";"40,2";"39,6";"40,9";"42,5";"39,4";"38,7";"39,3";"38,2";"38,6";"38,9";"38,7";"39,5";"39,6";"39,5";"39,2";"36,5";"39,0";"38,9";"38,4";"39,8";"40,4";"39,5";"37,8";"39,4";"40,0";"39,5";"40,5";"40,4";"40,1"
"Macapá (AP)";"41,9";"41,6";"40,9";"42,0";"39,3";"41,3";"41,7";"42,7";"41,5";"39,2";"40,0";"38,3";"39,5";"38,8";"38,5";"41,8";"39,0";"35,8";"37,6";"36,3";"36,4";"38,6";"29,1";"36,6";"39,4";"39,9";"39,4";"37,5";"39,4";"38,2";"37,6";"36,5";"36,5"
"Palmas (TO)";"40,0";"40,0";"41,2";"39,6";"40,4";"40,1";"40,9";"40,8";"40,7";"39,1";"38,7";"41,4";"38,6";"40,4";"38,7";"40,2";"40,2";"39,1";"38,7";"40,1";"38,7";"40,1";"37,1";"38,1";"43,1";"42,0";"41,2";"41,0";"39,8";"40,9";"40,3";"42,0";"41,0"
"São Luís (MA)";"39,9";"41,8";"41,7";"40,2";"39,6";"40,4";"38,2";"39,3";"39,1";"38,7";"38,2";"38,2";"39,1";"40,2";"39,4";"37,8";"37,2";"37,6";"38,9";"37,8";"37,9";"37,4";"37,5";"38,8";"38,6";"38,6";"38,3";"38,1";"38,0";"38,2";"37,4";"37,7";"36,5"
"Teresina (PI)";"39,8";"39,5";"39,1";"39,4";"39,1";"39,1";"38,1";"41,3";"39,1";"39,9";"37,9";"39,2";"37,8";"37,8";"38,6";"40,0";"37,5";"38,4";"40,5";"37,7";"38,9";"38,5";"38,6";"37,6";"39,0";"40,5";"39,1";"39,2";"40,8";"38,7";"39,6";"38,5";"37,6"
"Fortaleza (CE)";"42,0";"43,1";"42,7";"42,6";"42,0";"41,9";"42,5";"40,4";"42,5";"40,6";"41,4";"40,5";"39,3";"38,6";"40,8";"39,5";"38,2";"39,5";"39,5";"37,8";"39,8";"40,0";"40,9";"39,9";"38,4";"40,7";"38,9";"39,1";"39,3";"37,5";"40,3";"43,1";"40,7"
"Natal (RN)";"39,9";"39,6";"40,4";"40,5";"40,7";"40,9";"38,9";"40,2";"40,6";"39,5";"42,4";"40,3";"41,3";"40,5";"39,6";"39,7";"36,8";"39,3";"38,1";"38,5";"38,7";"40,3";"38,9";"38,3";"38,8";"39,2";"39,3";"39,4";"38,7";"40,0";"40,5";"40,3";"40,3"
"João Pessoa (PB)";"40,2";"41,0";"40,3";"39,1";"41,7";"39,4";"39,8";"41,6";"39,7";"40,1";"40,7";"40,2";"39,6";"38,9";"38,2";"38,0";"39,2";"38,8";"40,2";"41,4";"39,2";"39,6";"41,9";"39,0";"39,1";"38,4";"39,2";"40,0";"41,0";"40,9";"40,2";"40,4";"40,7"
"Recife (PE)";"41,2";"41,0";"41,6";"41,2";"42,6";"42,5";"40,8";"41,6";"41,0";"40,2";"40,6";"40,6";"40,9";"39,9";"41,4";"40,8";"40,5";"40,5";"39,5";"41,0";"40,5";"40,5";"40,0";"41,1";"39,2";"41,0";"40,9";"39,4";"39,4";"39,4";"41,2";"41,6";"40,6"
"Maceió (AL)";"40,0";"40,9";"40,4";"40,0";"39,4";"40,9";"39,1";"39,6";"40,4";"39,7";"38,4";"39,9";"38,8";"37,4";"38,5";"39,1";"37,2";"38,8";"39,3";"38,4";"39,1";"39,0";"39,7";"39,2";"39,2";"40,3";"40,0";"40,3";"38,5";"40,5";"40,4";"41,4";"39,4"
"Aracaju (SE)";"40,4";"40,7";"40,6";"41,0";"38,3";"39,9";"39,6";"40,7";"40,4";"41,1";"40,8";"40,9";"40,3";"41,6";"40,6";"39,2";"39,2";"40,3";"39,0";"40,4";"39,8";"40,7";"40,0";"37,8";"40,9";"40,5";"38,8";"40,6";"40,4";"41,4";"40,1";"39,0";"39,7"
"Salvador (BA)";"38,7";"39,7";"39,3";"38,3";"40,2";"40,1";"40,5";"42,2";"40,1";"41,5";"40,0";"39,6";"40,8";"39,8";"40,2";"40,9";"38,5";"38,4";"38,7";"39,7";"40,3";"38,6";"39,6";"38,4";"38,5";"40,4";"38,6";"39,7";"39,1";"38,8";"40,8";"38,6";"39,3"
"Belo Horizonte (MG)";"40,3";"40,7";"39,9";"39,9";"42,4";"40,2";"39,6";"41,0";"41,1";"39,0";"40,3";"40,9";"40,7";"40,3";"40,8";"39,7";"40,9";"40,5";"39,9";"40,8";"40,0";"40,0";"39,9";"39,7";"41,5";"41,4";"41,8";"40,4";"40,1";"40,4";"40,0";"41,4";"40,2"
"Vitória (ES)";"41,2";"44,5";"39,9";"39,8";"39,7";"40,4";"40,2";"42,0";"39,5";"40,4";"40,6";"39,4";"40,2";"39,7";"40,0";"40,0";"39,0";"40,5";"40,1";"41,0";"40,0";"40,2";"39,5";"40,5";"40,1";"39,2";"39,4";"39,6";"40,8";"40,6";"40,4";"40,8";"39,5"
"Rio de Janeiro (RJ)";"41,1";"42,0";"42,2";"41,0";"42,8";"42,0";"41,1";"41,7";"41,3";"41,0";"40,8";"41,8";"40,8";"40,6";"41,1";"40,5";"40,7";"40,8";"41,1";"41,0";"41,1";"40,7";"41,2";"41,6";"40,7";"40,1";"40,8";"40,3";"40,3";"40,8";"40,3";"40,8";"40,4"
"São Paulo (SP)";"42,2";"43,9";"43,2";"42,1";"42,1";"43,1";"41,7";"42,3";"42,4";"41,2";"42,7";"41,5";"41,4";"41,4";"41,8";"41,8";"41,5";"40,3";"42,1";"42,2";"41,6";"42,0";"42,2";"42,0";"40,6";"41,0";"40,7";"41,4";"41,5";"41,7";"41,6";"42,3";"41,7"
"Curitiba (PR)";"41,2";"42,9";"41,3";"40,8";"40,5";"41,6";"39,5";"44,6";"41,4";"39,7";"39,2";"41,2";"39,6";"42,2";"39,3";"40,1";"38,4";"39,3";"39,9";"42,0";"40,1";"40,7";"40,0";"40,8";"40,9";"41,2";"39,9";"40,4";"42,0";"40,8";"40,2";"41,9";"41,3"
"Florianópolis (SC)";"39,4";"39,8";"43,7";"39,8";"42,6";"39,7";"39,3";"38,9";"36,2";"39,2";"40,3";"39,9";"38,6";"39,6";"38,8";"36,7";"38,2";"40,5";"32,8";"40,5";"38,7";"38,9";"37,6";"41,4";"39,5";"39,7";"42,4";"39,8";"42,4";"41,3";"40,1";"38,9";"38,9"
"Porto Alegre (RS)";"41,1";"40,6";"41,4";"41,4";"42,2";"42,4";"41,9";"40,8";"42,6";"40,4";"39,6";"40,4";"39,9";"38,9";"41,9";"40,5";"40,8";"41,6";"39,9";"39,5";"41,2";"41,0";"38,8";"41,1";"40,1";"40,4";"39,8";"40,7";"40,8";"40,5";"39,9";"39,2";"38,7"
"Campo Grande (MS)";"41,5";"42,3";"41,6";"38,8";"42,2";"40,1";"40,1";"40,7";"40,8";"39,3";"38,6";"39,9";"40,5";"43,5";"39,6";"40,1";"40,2";"40,6";"39,9";"40,2";"39,8";"39,9";"39,1";"39,0";"40,9";"41,1";"39,8";"40,0";"39,5";"40,3";"40,4";"39,7";"40,2"
"Cuiabá (MT)";"41,8";"40,1";"41,0";"41,1";"42,0";"39,9";"41,9";"41,5";"40,3";"40,0";"38,4";"38,7";"40,3";"37,7";"38,9";"38,8";"38,9";"38,8";"41,5";"42,4";"39,2";"40,1";"38,9";"39,6";"40,0";"40,7";"40,6";"40,9";"41,3";"41,0";"40,3";"39,9";"40,2"
"Goiânia (GO)";"41,7";"42,1";"41,3";"40,8";"42,1";"41,4";"41,3";"41,7";"41,7";"40,9";"41,8";"41,5";"41,0";"40,5";"40,0";"41,1";"42,6";"40,2";"40,7";"41,3";"40,1";"40,4";"41,7";"41,0";"39,4";"39,6";"39,9";"39,9";"40,7";"40,7";"40,4";"39,5";"40,5"
"Brasília (DF)";"40,5";"41,7";"40,5";"40,6";"40,8";"40,6";"39,8";"40,5";"40,7";"39,6";"40,7";"40,7";"39,7";"41,1";"39,9";"39,6";"39,8";"39,5";"39,8";"40,4";"39,6";"40,3";"39,8";"39,9";"40,4";"41,4";"40,9";"40,8";"40,1";"40,1";"40,2";"40,6";"39,6"
"Manaus (AM)";"43,6";"44,9";"42,5";"41,3";"44,6";"41,5";"40,3";"42,5";"41,0";"41,2";"40,9";"39,8";"38,4";"38,6";"38,1";"38,4";"39,1";"37,7";"38,6";"37,1";"37,0";"40,2";"38,7";"38,9";"39,0";"40,1";"38,7";"39,3";"38,8";"38,6";"39,1";"40,7";"38,6"
"Belém (PA)";"40,8";"42,2";"40,3";"39,0";"39,7";"39,3";"40,3";"41,5";"39,1";"38,8";"39,5";"38,7";"38,8";"39,7";"38,6";"39,2";"39,8";"39,1";"39,3";"37,8";"38,7";"38,8";"39,1";"38,5";"40,1";"39,3";"38,1";"39,0";"38,6";"39,1";"39,3";"39,6";"39,3"
"Macapá (AP)";"41,8";"41,5";"41,2";"42,1";"38,6";"41,5";"41,6";"41,8";"41,4";"39,5";"40,0";"38,2";"39,6";"38,5";"38,6";"41,7";"39,0";"36,6";"38,1";"36,8";"37,2";"38,6";"29,8";"36,8";"39,4";"39,1";"39,3";"38,1";"39,0";"39,0";"37,7";"37,4";"36,8"
"Grande São Luís (MA)";"40,7";"41,8";"41,1";"40,6";"39,3";"40,4";"38,9";"39,7";"39,5";"39,0";"38,8";"38,5";"39,8";"39,8";"39,4";"37,9";"37,9";"38,3";"38,2";"34,9";"37,9";"38,2";"37,8";"39,1";"38,5";"38,6";"38,3";"38,2";"37,6";"38,5";"37,4";"37,6";"37,3"
"Fortaleza (CE)";"42,1";"43,1";"42,2";"42,4";"42,3";"41,6";"42,1";"40,9";"41,5";"41,0";"41,1";"40,2";"39,4";"39,0";"40,5";"39,6";"38,0";"39,2";"40,0";"38,3";"40,0";"40,3";"40,8";"39,8";"38,1";"40,0";"38,8";"39,0";"39,7";"38,2";"40,2";"41,1";"40,3"
"Natal (RN)";"39,3";"39,9";"39,3";"39,8";"41,4";"39,5";"39,3";"38,6";"40,1";"39,1";"40,7";"39,9";"40,3";"39,4";"38,8";"40,0";"37,4";"39,1";"37,3";"37,7";"39,0";"40,0";"37,9";"38,9";"38,7";"38,9";"39,1";"39,0";"39,5";"39,1";"40,4";"40,0";"39,5"
"João Pessoa (PB)";"40,9";"43,0";"40,5";"39,1";"41,3";"39,6";"39,9";"41,7";"39,3";"40,8";"40,2";"39,6";"38,8";"40,2";"38,0";"38,6";"38,0";"39,0";"40,0";"39,3";"39,7";"40,0";"41,5";"38,3";"39,3";"38,4";"39,4";"39,7";"39,1";"40,6";"39,8";"39,7";"39,3"
"Recife (PE)";"41,2";"41,8";"42,4";"41,1";"41,7";"41,6";"40,6";"40,6";"40,1";"40,3";"40,7";"40,3";"40,8";"39,5";"40,4";"39,6";"39,8";"39,3";"39,4";"38,9";"39,3";"39,7";"40,5";"39,6";"39,8";"39,7";"40,4";"40,7";"40,5";"39,7";"40,7";"41,1";"40,1"
"Maceió (AL)";"40,0";"40,7";"40,3";"40,0";"39,1";"40,7";"39,1";"39,3";"40,3";"39,8";"38,9";"39,9";"38,9";"37,3";"38,6";"39,4";"36,1";"39,0";"39,6";"38,3";"39,1";"38,9";"39,2";"38,8";"39,2";"38,3";"39,9";"40,4";"39,9";"40,5";"40,3";"40,3";"39,5"
"Aracaju (SE)";"40,6";"40,5";"40,3";"40,8";"39,1";"39,9";"40,0";"38,7";"40,6";"41,9";"41,3";"40,8";"40,5";"40,6";"40,3";"39,6";"38,5";"39,9";"39,1";"40,9";"40,0";"40,6";"38,7";"37,8";"41,0";"39,9";"39,4";"40,9";"41,1";"41,0";"40,1";"39,6";"39,8"
"Salvador (BA)";"39,5";"40,5";"39,8";"38,6";"39,8";"39,8";"41,2";"42,5";"40,2";"42,0";"40,0";"39,9";"40,1";"39,3";"39,9";"40,6";"38,5";"38,4";"38,4";"39,4";"40,2";"39,6";"39,0";"38,0";"38,7";"39,6";"38,7";"39,3";"39,2";"38,9";"40,7";"38,8";"39,8"
"Belo Horizonte (MG)";"41,0";"41,3";"40,3";"40,7";"41,4";"40,7";"40,5";"41,0";"41,0";"39,9";"40,7";"40,8";"41,0";"39,9";"40,8";"40,1";"40,8";"40,5";"40,8";"40,6";"40,0";"40,5";"39,4";"39,9";"41,0";"41,1";"40,9";"40,7";"41,0";"40,5";"40,8";"41,8";"40,3"
"Grande Vitória (ES)";"41,7";"42,5";"41,3";"40,8";"40,9";"41,4";"40,8";"40,5";"39,7";"40,4";"39,8";"39,3";"39,9";"41,0";"39,4";"40,4";"39,4";"40,0";"40,6";"40,8";"39,5";"40,5";"40,2";"39,6";"40,1";"39,7";"40,1";"40,2";"39,7";"40,4";"40,6";"41,4";"40,5"
"Rio de Janeiro (RJ)";"41,5";"42,3";"42,3";"41,1";"42,0";"41,5";"41,1";"41,9";"41,5";"40,8";"39,9";"41,1";"40,4";"40,0";"40,5";"40,0";"40,3";"40,5";"40,6";"40,8";"40,9";"40,4";"40,8";"41,0";"40,2";"39,6";"40,1";"40,4";"40,1";"40,2";"40,5";"40,5";"40,7"
"São Paulo (SP)";"42,4";"43,2";"43,2";"42,0";"42,1";"42,9";"41,8";"42,5";"42,8";"41,3";"42,3";"41,7";"41,2";"41,3";"41,2";"41,4";"41,2";"40,5";"41,6";"41,6";"41,5";"42,1";"42,1";"41,3";"40,7";"41,1";"40,8";"41,2";"41,3";"41,5";"41,8";"41,7";"41,6"
"Curitiba (PR)";"41,3";"42,5";"41,7";"41,2";"41,2";"41,6";"40,3";"43,0";"41,1";"40,2";"38,4";"40,2";"39,8";"41,3";"40,2";"40,3";"38,5";"39,7";"40,1";"40,9";"39,6";"40,5";"39,5";"40,0";"40,4";"41,1";"39,5";"40,8";"41,7";"40,6";"40,3";"42,5";"41,7"
"Florianópolis (SC)";"40,1";"42,5";"41,8";"40,6";"41,5";"39,9";"40,3";"41,3";"38,7";"40,0";"40,0";"39,7";"39,5";"41,4";"40,4";"38,4";"38,1";"41,1";"36,6";"39,0";"38,5";"39,4";"38,6";"41,3";"40,5";"40,0";"42,1";"40,3";"40,7";"40,8";"40,4";"40,1";"40,4"
"Porto Alegre (RS)";"41,6";"41,1";"41,0";"42,0";"41,2";"42,0";"41,5";"40,0";"42,2";"41,2";"39,6";"40,5";"40,3";"40,1";"41,5";"40,9";"40,4";"39,4";"41,0";"40,8";"41,2";"40,9";"39,9";"40,9";"40,7";"40,4";"40,9";"41,5";"42,1";"41,0";"40,7";"40,8";"41,3"
"Vale do Rio Cuiabá (MT)";"42,5";"40,7";"41,8";"41,0";"41,6";"40,3";"41,8";"41,3";"40,6";"40,2";"38,5";"39,2";"40,6";"37,4";"39,1";"39,3";"39,0";"39,0";"41,2";"41,9";"39,2";"39,8";"39,8";"39,9";"40,5";"40,2";"40,4";"41,1";"40,9";"40,7";"40,7";"40,3";"40,3"
"Goiânia (GO)";"41,6";"43,3";"41,3";"41,7";"41,3";"42,7";"41,2";"41,1";"42,4";"41,1";"43,6";"41,3";"41,0";"41,1";"40,0";"41,3";"42,1";"40,5";"40,8";"40,9";"40,7";"40,1";"41,5";"40,7";"40,0";"39,1";"40,0";"39,8";"39,9";"40,3";"40,4";"39,5";"40,8"
"Grande Teresina";"40,3";"38,0";"38,6";"39,5";"38,7";"38,2";"38,0";"39,7";"38,1";"39,4";"38,5";"38,6";"37,9";"36,8";"38,0";"39,2";"37,8";"37,4";"39,9";"37,1";"37,8";"38,0";"38,0";"37,1";"39,1";"39,3";"38,5";"39,5";"40,3";"38,4";"39,4";"38,0";"37,9"
"Fonte: IBGE - Pesquisa Nacional por Amostra de Domicílios Contínua anual"

"Tabela 10372 - Média de horas habitualmente trabalhadas por semana e efetivamente trabalhadas na semana de referência, no trabalho principal e em todos os trabalhos, das pessoas de 14 anos ou mais de idade, por cor ou raça"
"Variável - Média de horas efetivamente trabalhadas na semana de referência em todos trabalhos das pessoas de 14 anos ou mais de idade (%)"
"Brasil, Região Integrada de Desenvolvimento até 2020, Grande Região, Unidade da Federação, Município e Região Metropolitana até 2020";"Ano x Cor ou raça"
"Brasil, Região Integrada de Desenvolvimento até 2020, Grande Região, Unidade da Federação, Município e Região Metropolitana até 2020";"2012";;;"2013";;;"2014";;;"2015";;;"2016";;;"2017";;;"2018";;;"2019";;;"2023";;;"2024";;;"2025"
"Brasil, Região Integrada de Desenvolvimento até 2020, Grande Região, Unidade da Federação, Município e Região Metropolitana até 2020";"Branca";"Preta";"Parda";"Branca";"Preta";"Parda";"Branca";"Preta";"Parda";"Branca";"Preta";"Parda";"Branca";"Preta";"Parda";"Branca";"Preta";"Parda";"Branca";"Preta";"Parda";"Branca";"Preta";"Parda";"Branca";"Preta";"Parda";"Branca";"Preta";"Parda";"Branca";"Preta";"Parda"
"Brasil";"39,7";"39,4";"38,6";"39,8";"39,2";"38,6";"39,7";"39,2";"38,4";"39,3";"38,2";"37,9";"39,2";"38,0";"37,8";"38,7";"37,6";"37,2";"38,6";"37,7";"37,3";"39,0";"37,7";"37,4";"39,0";"38,1";"38,0";"39,3";"38,5";"38,1";"39,2";"38,5";"38,0"
"Norte";"39,4";"40,0";"38,1";"38,8";"38,7";"37,8";"38,9";"37,0";"37,9";"38,3";"37,5";"36,8";"38,2";"38,0";"36,8";"37,4";"37,5";"36,6";"37,9";"35,9";"35,9";"37,6";"36,6";"36,4";"38,2";"37,1";"36,5";"37,9";"37,0";"36,8";"37,7";"37,8";"36,5"
"Nordeste";"37,5";"37,0";"36,5";"37,6";"36,8";"36,7";"37,5";"37,4";"36,4";"37,3";"36,3";"36,1";"37,5";"36,1";"36,3";"37,2";"35,3";"35,5";"37,0";"36,2";"35,9";"37,2";"36,2";"35,7";"37,2";"36,1";"36,2";"37,1";"36,8";"36,2";"37,2";"36,0";"36,1"
"Sudeste";"40,1";"40,4";"40,1";"40,2";"40,3";"39,9";"40,1";"40,3";"39,8";"39,7";"39,3";"39,6";"39,6";"38,9";"38,9";"39,0";"39,0";"38,3";"38,6";"38,4";"38,4";"39,2";"38,5";"38,5";"39,2";"39,1";"39,2";"39,7";"39,3";"39,4";"39,7";"39,8";"39,3"
"Sul";"40,0";"40,7";"39,4";"40,0";"40,3";"39,6";"39,9";"39,8";"39,4";"39,6";"38,5";"38,5";"39,5";"38,4";"39,2";"39,1";"37,5";"38,3";"39,2";"39,0";"38,1";"39,8";"38,5";"38,7";"39,7";"38,7";"39,2";"39,6";"40,6";"39,3";"39,4";"39,7";"39,7"
"Centro-Oeste";"40,2";"40,7";"40,3";"40,3";"40,0";"40,4";"40,1";"40,4";"40,0";"39,4";"40,3";"39,5";"39,3";"39,0";"38,7";"38,8";"38,6";"38,7";"38,8";"39,3";"38,6";"39,1";"39,1";"38,7";"39,4";"39,3";"39,2";"39,5";"39,4";"39,3";"39,4";"39,2";"39,3"
"Rondônia";"39,0";"40,9";"38,1";"39,7";"38,9";"38,4";"40,0";"38,1";"38,9";"39,7";"38,8";"38,4";"38,9";"38,0";"38,5";"38,6";"37,7";"37,9";"39,0";"38,1";"38,1";"37,8";"38,0";"36,7";"39,0";"39,5";"38,6";"38,7";"40,0";"37,8";"38,3";"38,9";"38,0"
"Acre";"37,8";"36,4";"37,8";"39,6";"41,4";"38,0";"37,7";"36,0";"36,9";"38,1";"37,3";"36,1";"38,6";"37,8";"37,5";"36,0";"36,2";"36,2";"37,6";"35,0";"36,4";"36,6";"37,3";"36,6";"37,0";"36,3";"36,9";"36,6";"37,0";"37,1";"37,7";"37,5";"36,8"
"Amazonas";"41,3";"41,8";"40,4";"39,9";"43,3";"39,0";"39,7";"40,2";"38,6";"40,1";"40,2";"38,1";"38,1";"37,1";"36,8";"37,1";"38,3";"36,0";"36,6";"34,3";"34,9";"38,5";"36,3";"36,5";"37,6";"37,9";"36,2";"37,8";"37,4";"36,3";"37,8";"38,0";"36,3"
"Roraima";"39,7";"41,4";"37,7";"38,9";"38,1";"37,4";"38,5";"37,2";"37,7";"39,1";"36,7";"37,3";"39,6";"39,5";"37,9";"39,9";"38,1";"37,7";"38,6";"37,8";"36,9";"36,8";"37,2";"36,7";"39,6";"39,6";"39,4";"39,2";"40,7";"39,1";"38,9";"40,5";"39,0"
"Pará";"38,7";"40,1";"37,0";"37,7";"38,1";"36,9";"37,9";"35,7";"37,1";"37,1";"36,8";"35,7";"38,0";"37,9";"36,2";"36,5";"37,4";"36,4";"37,9";"35,2";"35,5";"37,2";"36,5";"36,3";"38,0";"36,5";"35,6";"37,6";"36,3";"36,4";"37,0";"37,1";"35,7"
"Amapá";"40,7";"39,0";"40,2";"40,8";"38,0";"40,5";"41,1";"39,6";"41,2";"38,2";"37,8";"37,8";"39,1";"38,1";"38,0";"40,9";"38,6";"36,7";"38,2";"36,6";"36,9";"37,3";"30,9";"35,7";"38,3";"38,9";"38,3";"38,2";"37,7";"38,5";"37,9";"37,0";"36,4"
"Tocantins";"39,3";"37,7";"37,9";"39,0";"37,5";"37,7";"39,4";"38,6";"38,5";"38,5";"38,2";"37,5";"37,3";"38,8";"37,6";"38,0";"36,7";"37,3";"38,7";"37,5";"37,4";"37,8";"37,8";"37,1";"38,9";"36,4";"38,0";"38,4";"36,6";"37,5";"38,5";"39,3";"38,4"
"Maranhão";"37,3";"35,6";"35,6";"36,9";"36,4";"35,8";"36,8";"34,9";"34,6";"35,6";"34,8";"34,7";"37,0";"35,0";"35,2";"36,2";"35,0";"34,5";"36,2";"34,1";"34,8";"36,5";"34,9";"35,1";"36,8";"35,1";"35,6";"36,9";"36,7";"35,1";"35,9";"35,0";"34,7"
"Piauí";"34,3";"33,4";"33,2";"34,3";"34,4";"33,2";"32,7";"34,6";"32,3";"33,8";"33,0";"32,7";"34,0";"31,6";"32,3";"34,1";"32,4";"32,6";"35,1";"32,5";"32,8";"34,0";"33,0";"31,8";"34,6";"34,6";"34,1";"34,2";"35,9";"33,2";"35,6";"32,7";"34,2"
"Ceará";"38,6";"37,8";"37,5";"39,3";"38,9";"37,7";"39,1";"38,2";"37,6";"38,6";"37,8";"37,0";"37,4";"36,1";"37,0";"37,2";"35,9";"35,9";"37,3";"36,1";"36,1";"37,7";"37,3";"36,5";"37,1";"36,3";"36,5";"37,2";"37,3";"36,1";"37,6";"37,8";"36,8"
"Rio Grande do Norte";"36,6";"36,0";"36,9";"37,2";"36,9";"37,1";"35,9";"35,9";"36,7";"36,3";"37,9";"36,4";"38,1";"37,5";"36,5";"37,5";"35,5";"36,5";"36,2";"36,6";"37,3";"37,8";"36,6";"36,2";"37,4";"37,0";"36,7";"37,3";"37,3";"37,0";"38,8";"38,5";"36,8"
"Paraíba";"37,0";"39,4";"36,6";"36,3";"38,2";"35,7";"37,5";"38,8";"36,2";"37,2";"35,2";"36,6";"36,8";"36,1";"35,9";"36,6";"34,5";"36,0";"37,6";"35,8";"35,9";"37,0";"38,3";"35,8";"37,2";"35,9";"36,8";"37,8";"36,1";"37,0";"37,8";"37,1";"36,7"
"Pernambuco";"38,6";"39,3";"38,3";"38,6";"38,5";"38,8";"39,2";"38,6";"38,3";"38,4";"38,5";"38,0";"39,1";"38,6";"38,5";"38,9";"37,4";"37,3";"38,3";"37,6";"37,3";"37,7";"39,1";"37,5";"38,3";"37,9";"37,7";"38,2";"38,6";"37,8";"37,9";"38,5";"37,5"
"Alagoas";"38,8";"37,3";"38,5";"37,5";"37,4";"37,5";"37,1";"38,4";"37,8";"36,7";"36,6";"36,5";"36,7";"34,8";"36,3";"37,3";"35,3";"36,6";"38,1";"37,6";"37,5";"37,1";"37,7";"36,8";"37,2";"36,6";"36,9";"37,3";"38,0";"37,0";"37,2";"37,7";"36,0"
"Sergipe";"36,5";"37,2";"36,0";"37,2";"36,4";"36,3";"37,3";"34,4";"36,4";"36,9";"35,8";"36,0";"37,9";"38,6";"36,0";"36,4";"35,7";"36,0";"36,0";"37,8";"36,2";"36,9";"35,5";"34,8";"37,0";"36,9";"35,2";"37,4";"37,1";"37,3";"37,5";"37,3";"36,9"
"Bahia";"36,7";"37,0";"35,6";"37,1";"36,5";"36,2";"36,8";"37,9";"36,2";"37,2";"36,3";"35,7";"37,2";"36,1";"36,1";"37,2";"35,3";"34,7";"35,9";"36,7";"35,4";"37,2";"35,9";"35,2";"36,8";"36,0";"35,8";"36,1";"36,3";"35,9";"36,3";"35,0";"35,5"
"Minas Gerais";"39,4";"39,1";"38,5";"38,8";"38,8";"38,1";"38,5";"38,1";"37,5";"37,7";"36,8";"37,7";"38,5";"37,6";"37,2";"37,4";"37,5";"37,2";"37,4";"36,7";"36,4";"37,9";"36,4";"36,8";"39,0";"39,4";"38,8";"39,1";"38,5";"38,3";"38,7";"39,1";"37,9"
"Espírito Santo";"39,8";"40,3";"39,4";"39,8";"39,8";"40,0";"40,0";"39,2";"38,8";"39,6";"38,8";"38,3";"39,6";"39,6";"38,5";"39,0";"38,0";"37,8";"39,0";"38,8";"38,0";"39,4";"39,0";"38,2";"39,0";"39,3";"39,0";"39,0";"38,6";"38,6";"39,1";"39,9";"39,1"
"Rio de Janeiro";"40,1";"41,3";"41,3";"40,6";"41,0";"40,5";"40,7";"41,4";"41,3";"40,4";"39,9";"40,7";"40,0";"39,4";"39,9";"39,6";"39,9";"39,3";"39,6";"39,4";"39,9";"39,2";"39,6";"39,9";"39,3";"38,3";"39,1";"39,4";"39,3";"39,2";"39,6";"39,7";"39,6"
"São Paulo";"40,4";"40,6";"40,9";"40,6";"40,7";"41,1";"40,5";"41,1";"41,0";"40,1";"40,6";"40,6";"39,8";"39,4";"39,8";"39,4";"39,6";"38,7";"38,7";"38,8";"39,2";"39,5";"39,1";"39,1";"39,2";"39,3";"39,5";"40,0";"39,9";"40,1";"40,1";"40,4";"40,1"
"Paraná";"40,2";"41,8";"39,6";"40,2";"41,0";"39,9";"39,7";"41,4";"39,4";"39,2";"37,4";"38,5";"39,2";"38,6";"39,4";"38,9";"37,6";"38,3";"39,1";"38,7";"37,8";"39,3";"37,6";"38,7";"39,3";"38,2";"38,6";"39,3";"40,2";"39,0";"38,9";"40,2";"39,4"
"Santa Catarina";"40,1";"42,2";"39,8";"39,9";"40,0";"40,2";"40,6";"40,0";"40,3";"40,3";"39,4";"39,7";"40,0";"38,6";"39,1";"39,7";"38,5";"39,1";"39,5";"40,1";"38,8";"40,5";"39,7";"39,5";"40,8";"40,0";"41,1";"40,4";"41,0";"40,2";"40,7";"40,0";"40,4"
"Rio Grande do Sul";"39,9";"39,5";"38,6";"39,7";"40,0";"38,4";"39,6";"38,8";"38,7";"39,4";"39,1";"37,7";"39,3";"38,2";"38,7";"38,9";"37,2";"37,7";"38,9";"38,9";"38,0";"39,7";"38,6";"38,3";"39,2";"38,6";"38,8";"39,1";"40,6";"38,9";"39,0";"39,1";"39,6"
"Mato Grosso do Sul";"40,1";"41,4";"39,9";"39,3";"40,2";"39,2";"39,3";"38,8";"39,4";"38,2";"37,7";"38,1";"38,4";"39,4";"37,0";"37,7";"37,9";"37,7";"37,9";"38,9";"37,8";"37,8";"38,2";"36,9";"38,6";"39,7";"37,9";"39,1";"40,1";"39,1";"39,6";"38,2";"38,7"
"Mato Grosso";"41,1";"40,9";"40,6";"41,2";"39,8";"40,4";"41,0";"41,0";"40,0";"40,7";"38,9";"39,5";"39,9";"38,3";"38,8";"40,2";"38,0";"39,0";"39,3";"39,5";"38,6";"40,0";"38,6";"39,2";"40,5";"40,1";"39,9";"40,9";"40,7";"40,1";"40,8";"39,9";"40,4"
"Goiás";"40,7";"40,6";"40,8";"41,0";"40,2";"41,3";"40,9";"41,1";"40,6";"39,9";"42,0";"40,1";"39,8";"39,0";"39,3";"39,0";"39,7";"39,2";"39,3";"39,6";"39,3";"39,8";"40,2";"39,3";"39,6";"38,3";"39,3";"39,6";"38,7";"39,4";"39,4";"39,4";"39,5"
"Distrito Federal";"38,5";"40,0";"38,8";"39,1";"39,7";"39,2";"38,3";"39,4";"39,3";"38,2";"39,8";"39,4";"38,6";"39,6";"38,4";"37,9";"37,5";"38,1";"38,3";"38,6";"37,9";"38,4";"37,9";"37,9";"38,6";"40,0";"39,2";"38,2";"38,4";"37,9";"38,0";"38,4";"37,3"
"Porto Velho (RO)";"39,9";"42,6";"41,2";"39,9";"40,6";"41,0";"42,2";"36,4";"40,5";"39,4";"40,9";"40,5";"39,0";"37,4";"38,8";"40,1";"39,4";"38,2";"39,7";"35,9";"39,1";"38,1";"38,9";"39,0";"37,5";"39,7";"38,0";"39,2";"44,2";"39,5";"38,7";"38,8";"37,9"
"Rio Branco (AC)";"39,4";"38,5";"39,2";"40,9";"43,3";"39,2";"39,2";"38,5";"39,3";"38,8";"38,3";"37,8";"38,9";"38,0";"37,8";"37,1";"36,5";"37,5";"37,8";"35,8";"37,2";"37,8";"37,5";"37,1";"37,3";"38,4";"37,9";"38,9";"38,7";"38,6";"38,8";"37,9";"38,0"
"Manaus (AM)";"43,2";"43,7";"42,4";"40,5";"43,8";"41,0";"40,2";"42,3";"40,9";"40,8";"41,4";"39,5";"38,2";"38,5";"37,3";"38,2";"40,0";"37,6";"38,2";"37,2";"36,6";"40,3";"38,2";"38,8";"39,0";"39,2";"38,7";"39,2";"38,6";"38,7";"39,2";"40,8";"38,6"
"Boa Vista (RR)";"40,3";"40,9";"38,2";"38,8";"38,1";"37,6";"38,8";"37,6";"38,4";"38,8";"37,9";"37,7";"39,9";"40,1";"38,0";"39,9";"37,2";"38,1";"38,5";"37,4";"36,7";"37,3";"36,7";"37,1";"39,5";"40,1";"39,1";"39,1";"40,8";"39,1";"39,2";"41,1";"40,0"
"Belém (PA)";"39,1";"39,9";"38,9";"37,7";"39,3";"38,6";"39,3";"40,2";"37,5";"36,5";"37,6";"36,1";"37,9";"37,6";"36,8";"36,9";"36,2";"37,5";"37,4";"35,9";"36,8";"37,7";"38,2";"38,5";"37,9";"37,9";"36,1";"38,1";"38,6";"38,1";"39,6";"39,4";"39,0"
"Macapá (AP)";"40,8";"40,2";"39,9";"41,0";"38,5";"40,4";"40,5";"40,1";"40,8";"37,9";"38,9";"37,3";"39,1";"38,4";"38,3";"41,7";"38,6";"35,2";"37,3";"35,9";"35,6";"37,2";"28,5";"36,2";"38,6";"39,8";"38,9";"37,3";"38,7";"38,0";"37,6";"36,4";"36,5"
"Palmas (TO)";"38,1";"38,7";"39,3";"38,6";"39,2";"39,2";"40,2";"40,3";"40,1";"38,6";"38,8";"40,4";"37,9";"39,7";"38,4";"38,9";"39,3";"38,3";"38,1";"40,3";"37,3";"40,0";"36,6";"37,6";"41,1";"40,0";"39,4";"39,8";"37,9";"39,2";"38,8";"40,4";"39,5"
"São Luís (MA)";"39,3";"41,8";"41,0";"39,6";"38,8";"39,6";"38,2";"38,9";"38,8";"38,3";"38,2";"37,8";"38,7";"40,1";"39,0";"37,4";"36,9";"37,0";"38,4";"37,3";"37,8";"36,7";"37,2";"38,1";"38,4";"38,9";"38,1";"37,9";"37,8";"37,8";"37,1";"37,2";"36,4"
"Teresina (PI)";"36,9";"36,3";"35,7";"36,5";"36,4";"36,5";"35,3";"37,7";"36,0";"37,2";"35,7";"36,8";"33,7";"32,0";"34,9";"37,7";"35,3";"35,9";"37,8";"36,1";"36,9";"36,4";"35,0";"35,3";"36,5";"38,0";"36,3";"36,6";"38,0";"36,9";"38,4";"36,8";"35,8"
"Fortaleza (CE)";"41,0";"40,9";"41,4";"41,9";"40,6";"41,4";"41,8";"39,7";"41,9";"40,2";"41,1";"39,9";"38,3";"37,3";"40,1";"38,7";"36,7";"38,5";"38,7";"37,2";"38,6";"39,3";"40,3";"38,9";"38,3";"39,3";"38,1";"38,0";"39,8";"36,9";"39,4";"41,4";"39,6"
"Natal (RN)";"38,4";"38,0";"38,8";"39,3";"38,8";"39,1";"37,0";"38,2";"38,6";"37,5";"40,9";"38,4";"39,9";"40,1";"38,7";"38,8";"36,6";"38,0";"37,6";"38,0";"38,0";"39,0";"38,4";"36,8";"37,3";"38,1";"38,2";"38,6";"38,5";"39,0";"40,2";"40,5";"39,8"
"João Pessoa (PB)";"39,2";"39,6";"39,6";"37,9";"40,8";"38,4";"39,6";"41,0";"39,2";"39,5";"38,1";"39,6";"38,0";"36,7";"36,8";"36,9";"35,9";"36,8";"39,1";"39,3";"37,7";"38,5";"41,8";"38,8";"39,0";"37,8";"39,1";"39,6";"40,0";"40,1";"39,1";"40,1";"40,2"
"Recife (PE)";"39,7";"36,5";"40,4";"39,0";"38,7";"41,3";"40,4";"40,8";"40,2";"39,9";"40,2";"40,0";"39,5";"39,0";"40,4";"39,5";"38,6";"39,7";"38,6";"40,5";"39,5";"38,8";"38,4";"40,1";"38,0";"39,2";"39,5";"38,0";"37,3";"37,7";"38,7";"39,6";"39,0"
"Maceió (AL)";"38,7";"39,2";"39,2";"39,4";"38,9";"40,2";"37,9";"38,9";"40,0";"39,0";"36,4";"39,1";"38,4";"37,2";"37,6";"38,4";"36,9";"38,4";"39,0";"38,1";"38,6";"38,5";"39,1";"38,7";"38,6";"39,4";"39,4";"38,3";"38,0";"38,9";"38,4";"40,3";"37,7"
"Aracaju (SE)";"38,4";"39,3";"38,9";"39,5";"37,3";"39,2";"38,3";"38,3";"39,3";"40,7";"40,3";"40,3";"39,5";"41,9";"39,5";"39,3";"38,8";"39,9";"38,2";"39,8";"39,3";"39,6";"37,8";"37,0";"39,5";"40,4";"37,9";"39,8";"39,6";"40,7";"38,7";"37,8";"37,8"
"Salvador (BA)";"36,5";"37,2";"36,4";"36,9";"38,8";"38,9";"39,3";"40,3";"38,4";"39,1";"38,2";"37,5";"40,0";"38,2";"39,2";"38,4";"36,0";"35,0";"36,9";"38,3";"38,7";"37,1";"37,1";"36,7";"37,0";"38,8";"36,6";"37,8";"37,4";"36,7";"38,9";"36,5";"37,7"
"Belo Horizonte (MG)";"38,4";"37,8";"38,5";"37,0";"39,9";"37,6";"35,6";"37,9";"37,7";"35,8";"37,8";"37,7";"37,9";"37,1";"38,2";"35,9";"36,9";"36,9";"36,7";"36,9";"35,9";"36,0";"36,1";"36,6";"39,1";"38,6";"39,4";"38,1";"38,2";"38,1";"36,9";"38,9";"38,0"
"Vitória (ES)";"39,0";"43,1";"38,2";"38,9";"37,3";"39,5";"39,2";"41,3";"38,9";"39,8";"40,4";"38,7";"39,9";"39,7";"39,8";"39,1";"38,5";"39,5";"39,1";"39,5";"39,0";"38,7";"37,5";"38,8";"38,8";"35,9";"37,2";"38,6";"40,0";"38,9";"39,0";"39,9";"37,8"
"Rio de Janeiro (RJ)";"39,7";"41,5";"41,3";"40,4";"41,8";"41,2";"40,6";"41,1";"41,0";"40,5";"40,2";"41,7";"40,3";"39,7";"40,6";"40,2";"40,3";"39,5";"39,8";"39,9";"40,5";"39,3";"40,4";"40,7";"40,1";"38,9";"40,0";"39,4";"39,2";"39,5";"39,4";"40,3";"39,7"
"São Paulo (SP)";"40,5";"41,6";"41,3";"41,2";"41,1";"41,9";"41,3";"42,2";"41,5";"40,6";"41,6";"40,9";"40,4";"40,5";"40,6";"39,8";"40,5";"38,5";"39,9";"40,8";"40,3";"39,8";"39,8";"40,2";"39,4";"38,6";"39,8";"40,4";"39,8";"40,4";"40,7";"40,5";"39,7"
"Curitiba (PR)";"40,5";"42,3";"40,5";"40,4";"40,4";"41,3";"39,1";"44,6";"40,7";"39,3";"38,1";"40,9";"38,5";"40,9";"38,9";"39,1";"38,7";"38,2";"38,5";"40,4";"38,2";"39,2";"39,4";"38,8";"39,3";"39,8";"38,5";"39,0";"40,9";"39,9";"39,3";"39,6";"40,2"
"Florianópolis (SC)";"38,5";"37,4";"44,3";"39,2";"42,3";"38,5";"37,7";"39,4";"36,0";"38,1";"39,9";"39,5";"37,9";"38,0";"38,9";"35,4";"38,1";"39,8";"31,4";"39,9";"37,5";"37,1";"38,0";"40,7";"38,4";"38,0";"42,1";"38,8";"41,3";"39,0";"38,7";"36,4";"38,1"
"Porto Alegre (RS)";"38,6";"39,1";"39,5";"39,2";"39,7";"40,5";"40,1";"39,6";"41,2";"39,7";"37,8";"41,0";"37,9";"36,8";"39,2";"37,2";"38,9";"39,3";"37,6";"37,0";"37,6";"39,3";"37,5";"40,1";"38,8";"38,2";"39,3";"38,8";"39,2";"39,4";"37,6";"38,1";"36,7"
"Campo Grande (MS)";"40,1";"41,1";"39,9";"38,3";"40,8";"39,0";"39,2";"39,1";"39,3";"37,4";"35,9";"38,0";"37,8";"40,7";"36,9";"37,6";"37,6";"38,0";"37,9";"38,7";"37,8";"37,4";"37,9";"36,3";"38,4";"39,2";"38,0";"38,3";"38,7";"38,7";"39,3";"38,4";"38,3"
"Cuiabá (MT)";"40,1";"39,1";"40,0";"40,2";"41,6";"39,3";"41,5";"41,4";"39,5";"38,0";"37,1";"38,1";"39,9";"37,6";"38,4";"38,9";"37,8";"38,0";"40,8";"42,5";"38,3";"39,9";"37,2";"38,8";"39,1";"39,6";"39,2";"40,0";"40,4";"39,3";"38,8";"38,4";"38,9"
"Goiânia (GO)";"39,6";"40,6";"39,3";"39,8";"41,0";"39,8";"40,3";"40,8";"39,8";"39,8";"41,1";"40,1";"40,0";"39,1";"38,9";"38,7";"38,9";"38,5";"39,7";"39,7";"39,2";"39,5";"41,0";"40,0";"37,8";"37,7";"38,7";"39,1";"39,4";"39,3";"39,4";"38,6";"39,3"
"Brasília (DF)";"38,5";"40,0";"38,8";"39,1";"39,7";"39,2";"38,3";"39,4";"39,3";"38,2";"39,8";"39,4";"38,6";"39,6";"38,4";"37,9";"37,5";"38,1";"38,3";"38,6";"37,9";"38,4";"37,9";"37,9";"38,6";"40,0";"39,2";"38,2";"38,4";"37,9";"38,0";"38,4";"37,3"
"Manaus (AM)";"42,8";"43,5";"41,5";"40,5";"43,6";"40,5";"40,0";"41,8";"40,5";"40,7";"40,9";"39,2";"38,2";"38,2";"37,4";"38,1";"38,7";"37,1";"38,0";"36,0";"36,3";"40,0";"38,0";"38,3";"38,4";"39,0";"38,1";"39,1";"38,4";"38,2";"38,8";"40,4";"38,1"
"Belém (PA)";"39,3";"40,5";"38,6";"37,5";"38,5";"38,3";"38,5";"38,4";"37,2";"36,1";"38,0";"36,7";"38,1";"38,5";"36,6";"37,1";"36,7";"37,4";"37,7";"36,5";"36,7";"37,5";"38,6";"37,4";"38,1";"37,3";"35,9";"37,7";"37,1";"37,8";"38,5";"38,6";"38,1"
"Macapá (AP)";"40,7";"40,0";"40,3";"41,3";"38,0";"40,7";"40,7";"39,6";"40,7";"38,4";"38,5";"37,2";"39,2";"38,2";"38,4";"41,6";"38,7";"35,9";"37,9";"36,5";"36,5";"37,6";"29,2";"36,4";"38,7";"39,0";"38,7";"37,8";"38,3";"38,7";"37,5";"37,3";"36,8"
"Grande São Luís (MA)";"40,2";"41,7";"40,5";"40,1";"38,6";"39,9";"38,7";"38,7";"39,2";"38,5";"38,4";"38,1";"39,5";"38,6";"39,1";"37,5";"37,6";"37,6";"37,8";"34,5";"37,8";"37,6";"37,5";"38,5";"38,4";"38,8";"38,2";"38,1";"37,5";"37,9";"37,2";"37,3";"37,1"
"Fortaleza (CE)";"40,8";"41,4";"41,0";"41,8";"41,1";"41,1";"41,2";"39,8";"40,8";"40,3";"40,0";"39,5";"38,5";"37,9";"39,8";"38,8";"36,9";"38,4";"39,2";"37,5";"38,8";"39,5";"40,1";"38,9";"37,7";"38,9";"38,5";"38,0";"40,1";"37,6";"39,3";"40,0";"39,5"
"Natal (RN)";"37,2";"38,4";"37,6";"38,1";"38,9";"37,5";"36,9";"37,3";"38,0";"37,2";"39,5";"38,1";"39,2";"39,3";"38,1";"39,1";"37,1";"37,6";"36,8";"37,1";"38,0";"39,1";"37,3";"36,9";"37,1";"36,0";"36,9";"38,0";"38,5";"38,0";"39,8";"38,5";"38,6"
"João Pessoa (PB)";"39,7";"41,4";"39,7";"37,7";"39,1";"38,3";"39,0";"40,9";"38,3";"40,2";"37,2";"38,7";"37,5";"37,4";"36,6";"37,2";"35,3";"37,2";"38,9";"37,9";"38,3";"39,1";"41,1";"37,8";"39,0";"38,1";"39,2";"39,1";"38,2";"39,8";"38,2";"39,1";"38,0"
"Recife (PE)";"40,4";"40,1";"41,7";"39,7";"39,9";"40,9";"40,1";"39,6";"39,6";"39,7";"40,2";"39,7";"39,9";"39,1";"39,7";"38,9";"38,5";"38,8";"38,9";"38,6";"38,6";"38,8";"39,6";"38,7";"38,9";"38,3";"39,2";"39,5";"38,9";"38,3";"38,9";"39,6";"38,9"
"Maceió (AL)";"38,6";"39,3";"39,1";"39,0";"38,4";"40,0";"37,9";"38,7";"39,9";"39,1";"37,2";"39,0";"38,3";"36,7";"37,7";"38,8";"35,8";"38,5";"39,3";"37,8";"38,8";"38,3";"38,7";"38,3";"38,5";"36,4";"38,8";"38,5";"39,5";"39,0";"38,6";"38,9";"37,6"
"Aracaju (SE)";"38,8";"38,3";"38,8";"39,4";"38,3";"39,0";"38,9";"37,0";"39,3";"41,4";"38,3";"40,5";"39,8";"40,8";"39,5";"39,6";"38,1";"39,5";"38,4";"39,9";"39,4";"39,5";"37,1";"37,0";"39,5";"39,5";"38,3";"40,1";"39,5";"40,0";"38,8";"38,1";"38,5"
"Salvador (BA)";"37,3";"38,0";"37,4";"37,4";"38,4";"38,8";"40,3";"40,9";"38,7";"40,0";"38,3";"38,0";"39,3";"37,4";"39,0";"38,6";"36,4";"35,5";"36,5";"38,0";"38,3";"38,1";"36,6";"36,4";"37,4";"38,1";"36,9";"37,8";"37,8";"37,3";"38,8";"36,9";"38,0"
"Belo Horizonte (MG)";"39,2";"39,1";"38,7";"38,2";"39,4";"38,8";"37,4";"37,7";"38,6";"37,0";"37,6";"38,1";"38,5";"36,8";"37,9";"36,6";"37,5";"37,5";"37,3";"36,8";"36,3";"37,3";"36,1";"37,0";"38,1";"38,4";"38,7";"38,6";"39,2";"38,4";"38,3";"40,3";"38,1"
"Grande Vitória (ES)";"39,6";"40,9";"39,6";"39,8";"39,8";"40,5";"40,2";"39,4";"39,0";"39,9";"38,9";"38,4";"39,4";"40,5";"38,6";"39,2";"38,2";"38,2";"39,2";"39,0";"37,9";"39,0";"38,7";"37,7";"38,7";"38,7";"39,0";"39,3";"38,6";"39,4";"39,4";"40,5";"39,6"
"Rio de Janeiro (RJ)";"40,2";"41,5";"41,4";"40,5";"41,1";"40,3";"40,6";"41,4";"41,2";"40,3";"39,3";"40,8";"39,8";"39,3";"40,0";"39,6";"39,8";"39,4";"39,6";"39,8";"40,2";"39,2";"40,0";"40,1";"39,3";"38,1";"39,0";"39,4";"39,1";"39,1";"39,5";"39,9";"39,8"
"São Paulo (SP)";"41,0";"41,6";"41,8";"41,1";"41,2";"41,7";"41,1";"42,0";"41,9";"40,6";"41,3";"40,9";"40,0";"40,2";"40,2";"39,3";"39,8";"38,7";"39,2";"39,6";"39,6";"40,1";"39,4";"39,2";"39,5";"39,4";"39,6";"40,2";"39,9";"40,5";"40,8";"40,4";"40,1"
"Curitiba (PR)";"40,6";"40,7";"40,5";"40,6";"40,9";"41,0";"39,7";"42,7";"40,6";"39,6";"36,6";"39,6";"38,7";"39,6";"39,7";"39,0";"39,2";"38,2";"38,9";"39,7";"38,5";"39,2";"38,2";"38,8";"38,9";"37,7";"37,7";"39,2";"39,2";"39,4";"39,5";"41,1";"40,9"
"Florianópolis (SC)";"38,8";"41,6";"40,8";"39,3";"41,1";"39,2";"38,9";"40,4";"37,8";"38,9";"39,5";"38,8";"38,3";"39,2";"39,4";"36,7";"37,5";"39,2";"35,1";"38,4";"37,6";"37,9";"39,0";"39,7";"39,2";"38,7";"41,6";"39,3";"39,7";"39,5";"39,1";"38,2";"39,2"
"Porto Alegre (RS)";"40,0";"39,8";"40,0";"40,3";"39,7";"39,8";"40,3";"38,8";"41,0";"39,7";"38,2";"39,3";"38,9";"38,2";"39,4";"38,9";"37,9";"38,1";"39,3";"39,2";"38,2";"39,7";"39,0";"39,4";"39,1";"39,5";"39,5";"39,4";"40,7";"38,7";"38,7";"39,2";"39,7"
"Vale do Rio Cuiabá (MT)";"41,3";"39,6";"40,5";"40,3";"41,1";"39,8";"40,7";"40,9";"39,7";"38,4";"36,9";"38,1";"40,2";"37,3";"38,7";"39,0";"38,2";"38,4";"40,3";"41,6";"37,8";"39,0";"37,7";"38,8";"39,3";"39,2";"38,8";"39,6";"39,9";"38,7";"39,4";"38,8";"39,1"
"Goiânia (GO)";"40,1";"41,3";"39,7";"40,4";"39,5";"41,2";"40,3";"40,5";"40,6";"40,1";"42,6";"39,9";"39,8";"39,5";"38,7";"39,4";"40,1";"39,0";"39,5";"39,6";"39,5";"38,7";"40,4";"39,2";"38,9";"37,8";"39,1";"39,2";"38,6";"39,3";"39,5";"38,9";"40,1"
"Grande Teresina";"38,0";"35,5";"35,7";"37,0";"36,6";"36,1";"35,5";"36,5";"35,1";"36,8";"36,1";"36,5";"34,1";"31,2";"34,8";"37,0";"35,9";"35,0";"37,5";"35,4";"35,8";"35,9";"34,1";"35,0";"36,7";"37,4";"36,1";"37,2";"38,0";"36,9";"38,3";"36,6";"36,4"
"Fonte: IBGE - Pesquisa Nacional por Amostra de Domicílios Contínua anual"

"Notas"
"A partir do 4º trimestre de 2015, em acordo com as recomendações da 19ª Conferência Internacional de Estatísticos do Trabalho - CIET, da OIT, pessoas em licença remunerada, independentemente do tempo de afastamento, passaram a ser classificadas como ""ocupadas"" e seus rendimentos do trabalho foram coletados normalmente. Anteriormente, as pessoas em licença remunerada na semana de referência da pesquisa e que estavam afastadas por período inferior a 4 meses eram classificadas como ""ocupadas"". Caso esse afastamento fosse igual ou superior a 4 meses, essas pessoas eram definidas como ""fora da força de trabalho"" e, portanto, não se investigava o rendimento do trabalho.
Além disso, a partir do 4º trimestre de 2015, também passaram a ser classificadas como ""ocupadas"" as pessoas que ajudaram, sem receber remuneração, no trabalho remunerado de parente, adicionalmente àquelas que ajudaram no trabalho remunerado de outro morador do mesmo domicílio. Anteriormente, eram consideradas ""ocupadas"" apenas as pessoas que ajudaram, sem receber remuneração, no trabalho remunerado de outro morador do mesmo domicílio.
A partir do 4º trimestre de 2015 houve mudança da forma de captação do quesito de horas efetivamente trabalhadas. Anteriormente, investigavam-se as horas trabalhadas diariamente, que eram somadas para obter o total semanal. A partir do referido trimestre, passou-se a perguntar diretamente a quantidade de horas semanais efetivamente trabalhadas.
A categoria Total para ""Cor ou raça"" inclui as pessoas que se declararam indígenas, amarelas ou sem declaração.
A partir de 2025, as estimativas deste tema passaram a ser divulgadas com base na nova ponderação da pesquisa, conforme a Nota Técnica 02/2025. Consequentemente, a série histórica dos indicadores foi atualizada."
""
"Legenda"
"Símbolo";"Significado"
"-";"Zero absoluto, não resultante de um cálculo ou arredondamento.
Ex: Em determinado município não existem pessoas de 14 anos de idade sem instrução."
"0";"Zero resultante de um cálculo ou arredondamento.
Ex: A inflação do feijão em determinada Região Metropolitana foi 0.
Determinado município produziu 400 kg de sementes de girassol e os dados da tabela são expressos em toneladas."
"X";"Valor inibido para não identificar o informante.
Ex: Determinado município só possui uma empresa produtora de cimento, logo o valor de sua produção deve ser inibido."
"..";"Valor não se aplica.
Ex: Não se pode obter o total da produção agrícola em determinado município quando os produtos agrícolas são contabilizados com unidades de medida distintas."
"...";"Valor não disponível.
Ex: A produção de feijão em determinado município não foi pesquisada ou determinado município não existia no ano da pesquisa."
"A a Z
(exceto X)";"Significa uma faixa de valores. Varia em função da tabela (se for o caso).
Ex: O nível de precisão da produção estimada de combustíveis está na faixa A (95 a 100%)"
